{
 "type": "FeatureCollection",
 "name": "brt_junctions",
 "crs": {
  "type": "name",
  "properties": {
   "name": "urn:ogc:def:crs:EPSG::2039"
  }
 },
 "features": [
  {
   "type": "Feature",
   "properties": {
    "fid": 2360,
    "DISTRICODE": 4.0,
    "DISTRICT": "מרכז,",
    "X": 178869.5473,
    "Y": 654265.2285,
    "DOMAIN": "עירוני,",
    "JUNCTION": ",",
    "STREETROAD": "גדולי ישראל / משה דיין (441),",
    "CITY": "ראשון לציון,",
    "CITYCODE": 8300.0,
    "TRAFAUTH": ",",
    "AUTHCODE": null,
    "AYALON Code": 11005.0,
    "ID": 628.0,
    "רשות מקומית": ",ראשון לציון",
    "רשות תמרור": ",ראשון לציון",
    "Mantam": 0,
    "Status": ",קיים",
    "name": ",שדרות דיין משה גדולי ישראל",
    "main street": ",שדרות משה דיין",
    "stree_1": ",גדולי ישראל",
    "stree_2": ",",
    "street_3": ",",
    "street_4": ",",
    "nataz": ",כן",
    "fast2city": ",לא",
    "blue_line": ",לא",
    "red_line": ",לא",
    "green_line": ",לא",
    "purple_line": ",לא",
    "brown_line": ",כן",
    "DAN_BICYCLE": ",לא",
    "no_project": ",לא",
    "Metronit": ",לא",
    "Auth Code": ",",
    "Fast2City Code": ",",
    "DESCRIPTIO": ",שדרות דיין משה גדולי ישראל",
    "Green_Wave_ID": null,
    "תאריך עדכון אחרון": "07/06/2020 00:00",
    "CLUSTER_ID": 576.0,
    "CLUSTER_SIZE": 1.0,
    "layer": "צמתים מרומזרים — TRAFFIC_LIGHT_JNCTN.shp,רמזורי נתיבי איילון- סופי",
    "path": "/vsizip/M:/Tnua/3119/Documents/TR/מיפוי מרכז/GIS/BACKGROUND/צמתים מרומזרים.zip,M:\\Tnua\\3119\\Documents\\TR\\מיפוי מרכז\\GIS\\MERGED\\רמזורי נתיבי איילון- סופי.gpkg|layername=רמזורי נתיבי איילון- סופי",
    "CLUSTER_ID_2": 2265,
    "CLUSTER_SIZE_2": 2,
    "Existing bus lane": 1,
    "Planned bus lane": 0,
    "Interurban bus lane": 0,
    "Additional bus lanes": 0,
    "Metro line": 0,
    "FUNC_min": 43.0,
    "Road Hierachy": "דרך אזורית",
    "Terminals": 0,
    "TUEDEP_sum": 2059.0,
    "Rail-affected intersection": 0,
    "lrt-station affected intersection": 0,
    "LRT- status": null,
    "LRT": 0,
    "metro line station - affected intersection": 0,
    "BRT - status": null,
    "BRT": "0",
    "No. of Bus Lane Directions": 2.0,
    "NODE_ID": 152350.0,
    "node_dist_m": 0.0,
    "entering_volume": 2772.536367,
    "n_incoming_links": 3.0,
    "nearest_street": "שדרות משה דיין",
    "daily_bus_passes": 2059.0,
    "n_distinct_lines": 60,
    "Rail-affected intersection (network)": 0,
    "lrt-station affected intersection (network)": 0,
    "metro line station - affected intersection (network)": 0,
    "Terminals (network)": 0,
    "score_nataz": 2000,
    "score_metro": 0,
    "score_brt": 0,
    "score_terminal": 0,
    "score_rail": 0,
    "score_lrt": 0,
    "score_bus_passes": 2059.0,
    "Bus Lane Directions (capped at 2)": 2.0,
    "score_directions": 500.0,
    "score_road": 1800.0,
    "score_entering_volume": 110.90145468,
    "TOTAL_SCORE": 6469.90145468,
    "Vx_neighbors_included": "",
    "brt_line": "חום (שלב א')",
    "junction_name": "שדרות דיין משה גדולי ישראל",
    "streets": "שדרות משה דיין / גדולי ישראל",
    "city_clean": "ראשון לציון",
    "status_clean": "קיים",
    "n_junctions_within_200m": 0,
    "junctions_within_200m_fids": "",
    "nearest_brt_junction_fid": 2432,
    "nearest_brt_junction_dist_m": 234.4
   },
   "geometry": {
    "type": "Point",
    "coordinates": [
     178869.5473,
     654265.2285
    ]
   }
  },
  {
   "type": "Feature",
   "properties": {
    "fid": 2361,
    "DISTRICODE": 4.0,
    "DISTRICT": "מרכז,",
    "X": 179284.246,
    "Y": 654135.0659,
    "DOMAIN": "עירוני,",
    "JUNCTION": ",",
    "STREETROAD": "הנחשול / לוי אשכול / משה דיין (441),",
    "CITY": "ראשון לציון,",
    "CITYCODE": 8300.0,
    "TRAFAUTH": ",",
    "AUTHCODE": null,
    "AYALON Code": 11006.0,
    "ID": 629.0,
    "רשות מקומית": ",ראשון לציון",
    "רשות תמרור": ",ראשון לציון",
    "Mantam": 0,
    "Status": ",קיים",
    "name": ",שדרות דיין משה לוי אשכול",
    "main street": ",שדרות משה דיין",
    "stree_1": ",לוי אשכול",
    "stree_2": ",",
    "street_3": ",",
    "street_4": ",",
    "nataz": ",כן",
    "fast2city": ",לא",
    "blue_line": ",לא",
    "red_line": ",לא",
    "green_line": ",לא",
    "purple_line": ",לא",
    "brown_line": ",כן",
    "DAN_BICYCLE": ",לא",
    "no_project": ",לא",
    "Metronit": ",לא",
    "Auth Code": ",",
    "Fast2City Code": ",",
    "DESCRIPTIO": ",שדרות דיין משה לוי אשכול",
    "Green_Wave_ID": null,
    "תאריך עדכון אחרון": "07/06/2020 00:00",
    "CLUSTER_ID": 577.0,
    "CLUSTER_SIZE": 1.0,
    "layer": "צמתים מרומזרים — TRAFFIC_LIGHT_JNCTN.shp,רמזורי נתיבי איילון- סופי",
    "path": "/vsizip/M:/Tnua/3119/Documents/TR/מיפוי מרכז/GIS/BACKGROUND/צמתים מרומזרים.zip,M:\\Tnua\\3119\\Documents\\TR\\מיפוי מרכז\\GIS\\MERGED\\רמזורי נתיבי איילון- סופי.gpkg|layername=רמזורי נתיבי איילון- סופי",
    "CLUSTER_ID_2": 2273,
    "CLUSTER_SIZE_2": 2,
    "Existing bus lane": 1,
    "Planned bus lane": 0,
    "Interurban bus lane": 0,
    "Additional bus lanes": 0,
    "Metro line": 0,
    "FUNC_min": 43.0,
    "Road Hierachy": "דרך אזורית",
    "Terminals": 0,
    "TUEDEP_sum": 1732.0,
    "Rail-affected intersection": 0,
    "lrt-station affected intersection": 0,
    "LRT- status": null,
    "LRT": 0,
    "metro line station - affected intersection": 0,
    "BRT - status": null,
    "BRT": "0",
    "No. of Bus Lane Directions": 2.0,
    "NODE_ID": 152140.0,
    "node_dist_m": 0.0,
    "entering_volume": 3354.319877,
    "n_incoming_links": 4.0,
    "nearest_street": "שדרות משה דיין",
    "daily_bus_passes": 1732.0,
    "n_distinct_lines": 52,
    "Rail-affected intersection (network)": 0,
    "lrt-station affected intersection (network)": 0,
    "metro line station - affected intersection (network)": 0,
    "Terminals (network)": 0,
    "score_nataz": 2000,
    "score_metro": 0,
    "score_brt": 0,
    "score_terminal": 0,
    "score_rail": 0,
    "score_lrt": 0,
    "score_bus_passes": 1732.0,
    "Bus Lane Directions (capped at 2)": 2.0,
    "score_directions": 500.0,
    "score_road": 1800.0,
    "score_entering_volume": 134.17279508,
    "TOTAL_SCORE": 6166.17279508,
    "Vx_neighbors_included": "",
    "brt_line": "חום (שלב א')",
    "junction_name": "שדרות דיין משה לוי אשכול",
    "streets": "שדרות משה דיין / לוי אשכול",
    "city_clean": "ראשון לציון",
    "status_clean": "קיים",
    "n_junctions_within_200m": 0,
    "junctions_within_200m_fids": "",
    "nearest_brt_junction_fid": 2367,
    "nearest_brt_junction_dist_m": 223.9
   },
   "geometry": {
    "type": "Point",
    "coordinates": [
     179284.246,
     654135.0659
    ]
   }
  },
  {
   "type": "Feature",
   "properties": {
    "fid": 2365,
    "DISTRICODE": 4.0,
    "DISTRICT": "מרכז,",
    "X": 178876.1149,
    "Y": 653325.74,
    "DOMAIN": "עירוני,",
    "JUNCTION": ",",
    "STREETROAD": "ישראל גלילי / לוי אשכול,",
    "CITY": "ראשון לציון,",
    "CITYCODE": 8300.0,
    "TRAFAUTH": ",",
    "AUTHCODE": null,
    "AYALON Code": 11010.0,
    "ID": 633.0,
    "רשות מקומית": ",ראשון לציון",
    "רשות תמרור": ",ראשון לציון",
    "Mantam": 0,
    "Status": ",קיים",
    "name": ",לוי אשכול גלילי ישראל",
    "main street": ",לוי אשכול",
    "stree_1": ",ישראל גלילי",
    "stree_2": ",",
    "street_3": ",",
    "street_4": ",",
    "nataz": ",לא",
    "fast2city": ",לא",
    "blue_line": ",לא",
    "red_line": ",לא",
    "green_line": ",לא",
    "purple_line": ",לא",
    "brown_line": ",כן",
    "DAN_BICYCLE": ",לא",
    "no_project": ",לא",
    "Metronit": ",לא",
    "Auth Code": ",",
    "Fast2City Code": ",",
    "DESCRIPTIO": ",לוי אשכול גלילי ישראל",
    "Green_Wave_ID": null,
    "תאריך עדכון אחרון": "07/06/2020 00:00",
    "CLUSTER_ID": 581.0,
    "CLUSTER_SIZE": 1.0,
    "layer": "צמתים מרומזרים — TRAFFIC_LIGHT_JNCTN.shp,רמזורי נתיבי איילון- סופי",
    "path": "/vsizip/M:/Tnua/3119/Documents/TR/מיפוי מרכז/GIS/BACKGROUND/צמתים מרומזרים.zip,M:\\Tnua\\3119\\Documents\\TR\\מיפוי מרכז\\GIS\\MERGED\\רמזורי נתיבי איילון- סופי.gpkg|layername=רמזורי נתיבי איילון- סופי",
    "CLUSTER_ID_2": 2262,
    "CLUSTER_SIZE_2": 2,
    "Existing bus lane": 0,
    "Planned bus lane": 0,
    "Interurban bus lane": 0,
    "Additional bus lanes": 0,
    "Metro line": 0,
    "FUNC_min": 46.0,
    "Road Hierachy": "דרך עורקית",
    "Terminals": 0,
    "TUEDEP_sum": 846.0,
    "Rail-affected intersection": 0,
    "lrt-station affected intersection": 0,
    "LRT- status": null,
    "LRT": 0,
    "metro line station - affected intersection": 0,
    "BRT - status": null,
    "BRT": "0",
    "No. of Bus Lane Directions": null,
    "NODE_ID": 152430.0,
    "node_dist_m": 0.0,
    "entering_volume": 1197.29743,
    "n_incoming_links": 3.0,
    "nearest_street": null,
    "daily_bus_passes": 846.0,
    "n_distinct_lines": 35,
    "Rail-affected intersection (network)": 0,
    "lrt-station affected intersection (network)": 0,
    "metro line station - affected intersection (network)": 0,
    "Terminals (network)": 0,
    "score_nataz": 0,
    "score_metro": 0,
    "score_brt": 0,
    "score_terminal": 0,
    "score_rail": 0,
    "score_lrt": 0,
    "score_bus_passes": 846.0,
    "Bus Lane Directions (capped at 2)": 0.0,
    "score_directions": 0.0,
    "score_road": 1800.0,
    "score_entering_volume": 47.8918972,
    "TOTAL_SCORE": 2693.8918972,
    "Vx_neighbors_included": "",
    "brt_line": "חום (שלב א')",
    "junction_name": "לוי אשכול גלילי ישראל",
    "streets": "לוי אשכול / ישראל גלילי",
    "city_clean": "ראשון לציון",
    "status_clean": "קיים",
    "n_junctions_within_200m": 0,
    "junctions_within_200m_fids": "",
    "nearest_brt_junction_fid": 2366,
    "nearest_brt_junction_dist_m": 284.4
   },
   "geometry": {
    "type": "Point",
    "coordinates": [
     178876.1149,
     653325.74
    ]
   }
  },
  {
   "type": "Feature",
   "properties": {
    "fid": 2366,
    "DISTRICODE": 4.0,
    "DISTRICT": "מרכז,",
    "X": 179002.748,
    "Y": 653580.3958,
    "DOMAIN": "עירוני,",
    "JUNCTION": ",",
    "STREETROAD": "היין / לוי אשכול / תור הזהב,",
    "CITY": "ראשון לציון,",
    "CITYCODE": 8300.0,
    "TRAFAUTH": ",",
    "AUTHCODE": null,
    "AYALON Code": 11011.0,
    "ID": 634.0,
    "רשות מקומית": ",ראשון לציון",
    "רשות תמרור": ",ראשון לציון",
    "Mantam": 0,
    "Status": ",קיים",
    "name": ",לוי אשכול תור הזהב",
    "main street": ",לוי אשכול",
    "stree_1": ",תור הזהב",
    "stree_2": ",היין",
    "street_3": ",",
    "street_4": ",",
    "nataz": ",לא",
    "fast2city": ",לא",
    "blue_line": ",לא",
    "red_line": ",לא",
    "green_line": ",לא",
    "purple_line": ",לא",
    "brown_line": ",כן",
    "DAN_BICYCLE": ",לא",
    "no_project": ",לא",
    "Metronit": ",לא",
    "Auth Code": ",",
    "Fast2City Code": ",",
    "DESCRIPTIO": ",לוי אשכול תור הזהב",
    "Green_Wave_ID": null,
    "תאריך עדכון אחרון": "07/06/2020 00:00",
    "CLUSTER_ID": 582.0,
    "CLUSTER_SIZE": 1.0,
    "layer": "צמתים מרומזרים — TRAFFIC_LIGHT_JNCTN.shp,רמזורי נתיבי איילון- סופי",
    "path": "/vsizip/M:/Tnua/3119/Documents/TR/מיפוי מרכז/GIS/BACKGROUND/צמתים מרומזרים.zip,M:\\Tnua\\3119\\Documents\\TR\\מיפוי מרכז\\GIS\\MERGED\\רמזורי נתיבי איילון- סופי.gpkg|layername=רמזורי נתיבי איילון- סופי",
    "CLUSTER_ID_2": 2271,
    "CLUSTER_SIZE_2": 2,
    "Existing bus lane": 0,
    "Planned bus lane": 0,
    "Interurban bus lane": 0,
    "Additional bus lanes": 0,
    "Metro line": 0,
    "FUNC_min": 46.0,
    "Road Hierachy": "דרך עורקית",
    "Terminals": 0,
    "TUEDEP_sum": 979.0,
    "Rail-affected intersection": 0,
    "lrt-station affected intersection": 0,
    "LRT- status": null,
    "LRT": 0,
    "metro line station - affected intersection": 0,
    "BRT - status": null,
    "BRT": "0",
    "No. of Bus Lane Directions": null,
    "NODE_ID": 152420.0,
    "node_dist_m": 0.0,
    "entering_volume": 1072.462287,
    "n_incoming_links": 4.0,
    "nearest_street": "תור הזהב",
    "daily_bus_passes": 979.0,
    "n_distinct_lines": 39,
    "Rail-affected intersection (network)": 0,
    "lrt-station affected intersection (network)": 0,
    "metro line station - affected intersection (network)": 0,
    "Terminals (network)": 0,
    "score_nataz": 0,
    "score_metro": 0,
    "score_brt": 0,
    "score_terminal": 0,
    "score_rail": 0,
    "score_lrt": 0,
    "score_bus_passes": 979.0,
    "Bus Lane Directions (capped at 2)": 0.0,
    "score_directions": 0.0,
    "score_road": 1800.0,
    "score_entering_volume": 42.89849148,
    "TOTAL_SCORE": 2821.89849148,
    "Vx_neighbors_included": "",
    "brt_line": "חום (שלב א')",
    "junction_name": "לוי אשכול תור הזהב",
    "streets": "לוי אשכול / תור הזהב / היין",
    "city_clean": "ראשון לציון",
    "status_clean": "קיים",
    "n_junctions_within_200m": 0,
    "junctions_within_200m_fids": "",
    "nearest_brt_junction_fid": 2365,
    "nearest_brt_junction_dist_m": 284.4
   },
   "geometry": {
    "type": "Point",
    "coordinates": [
     179002.748,
     653580.3958
    ]
   }
  },
  {
   "type": "Feature",
   "properties": {
    "fid": 2367,
    "DISTRICODE": 4.0,
    "DISTRICT": "מרכז,",
    "X": 179183.7403,
    "Y": 653934.9724,
    "DOMAIN": "עירוני,",
    "JUNCTION": ",",
    "STREETROAD": "חסידי אומות העולם / לוי אשכול,",
    "CITY": "ראשון לציון,",
    "CITYCODE": 8300.0,
    "TRAFAUTH": ",",
    "AUTHCODE": null,
    "AYALON Code": 11012.0,
    "ID": 635.0,
    "רשות מקומית": ",ראשון לציון",
    "רשות תמרור": ",ראשון לציון",
    "Mantam": 0,
    "Status": ",קיים",
    "name": ",לוי אשכול חסידי אומות העולם",
    "main street": ",לוי אשכול",
    "stree_1": ",חסידי אומות העולם",
    "stree_2": ",",
    "street_3": ",",
    "street_4": ",",
    "nataz": ",לא",
    "fast2city": ",לא",
    "blue_line": ",לא",
    "red_line": ",לא",
    "green_line": ",לא",
    "purple_line": ",לא",
    "brown_line": ",כן",
    "DAN_BICYCLE": ",לא",
    "no_project": ",לא",
    "Metronit": ",לא",
    "Auth Code": ",",
    "Fast2City Code": ",",
    "DESCRIPTIO": ",לוי אשכול חסידי אומות העולם",
    "Green_Wave_ID": null,
    "תאריך עדכון אחרון": "07/06/2020 00:00",
    "CLUSTER_ID": 583.0,
    "CLUSTER_SIZE": 1.0,
    "layer": "צמתים מרומזרים — TRAFFIC_LIGHT_JNCTN.shp,רמזורי נתיבי איילון- סופי",
    "path": "/vsizip/M:/Tnua/3119/Documents/TR/מיפוי מרכז/GIS/BACKGROUND/צמתים מרומזרים.zip,M:\\Tnua\\3119\\Documents\\TR\\מיפוי מרכז\\GIS\\MERGED\\רמזורי נתיבי איילון- סופי.gpkg|layername=רמזורי נתיבי איילון- סופי",
    "CLUSTER_ID_2": 2272,
    "CLUSTER_SIZE_2": 2,
    "Existing bus lane": 0,
    "Planned bus lane": 0,
    "Interurban bus lane": 0,
    "Additional bus lanes": 0,
    "Metro line": 0,
    "FUNC_min": 46.0,
    "Road Hierachy": "דרך עורקית",
    "Terminals": 0,
    "TUEDEP_sum": 901.0,
    "Rail-affected intersection": 0,
    "lrt-station affected intersection": 0,
    "LRT- status": null,
    "LRT": 0,
    "metro line station - affected intersection": 0,
    "BRT - status": null,
    "BRT": "0",
    "No. of Bus Lane Directions": null,
    "NODE_ID": 152410.0,
    "node_dist_m": 0.0,
    "entering_volume": 976.829676,
    "n_incoming_links": 3.0,
    "nearest_street": "חסידי אומות העולם",
    "daily_bus_passes": 901.0,
    "n_distinct_lines": 38,
    "Rail-affected intersection (network)": 0,
    "lrt-station affected intersection (network)": 0,
    "metro line station - affected intersection (network)": 0,
    "Terminals (network)": 0,
    "score_nataz": 0,
    "score_metro": 0,
    "score_brt": 0,
    "score_terminal": 0,
    "score_rail": 0,
    "score_lrt": 0,
    "score_bus_passes": 901.0,
    "Bus Lane Directions (capped at 2)": 0.0,
    "score_directions": 0.0,
    "score_road": 1800.0,
    "score_entering_volume": 39.07318704,
    "TOTAL_SCORE": 2740.07318704,
    "Vx_neighbors_included": "",
    "brt_line": "חום (שלב א')",
    "junction_name": "לוי אשכול חסידי אומות העולם",
    "streets": "לוי אשכול / חסידי אומות העולם",
    "city_clean": "ראשון לציון",
    "status_clean": "קיים",
    "n_junctions_within_200m": 0,
    "junctions_within_200m_fids": "",
    "nearest_brt_junction_fid": 2361,
    "nearest_brt_junction_dist_m": 223.9
   },
   "geometry": {
    "type": "Point",
    "coordinates": [
     179183.7403,
     653934.9724
    ]
   }
  },
  {
   "type": "Feature",
   "properties": {
    "fid": 2374,
    "DISTRICODE": 4.0,
    "DISTRICT": "מרכז,",
    "X": 180246.4081,
    "Y": 652503.6809,
    "DOMAIN": "עירוני,",
    "JUNCTION": ",",
    "STREETROAD": "בן גוריון / ההסתדרות / רוטשילד / שפרינצק,",
    "CITY": "ראשון לציון,",
    "CITYCODE": 8300.0,
    "TRAFAUTH": ",",
    "AUTHCODE": null,
    "AYALON Code": 11020.0,
    "ID": 643.0,
    "רשות מקומית": ",ראשון לציון",
    "רשות תמרור": ",ראשון לציון",
    "Mantam": 0,
    "Status": ",קיים",
    "name": ",רוטשילד ההסתדרות",
    "main street": ",רוטשילד",
    "stree_1": ",ההסתדרות",
    "stree_2": ",שפרינצק",
    "street_3": ",שדרות בן גוריון",
    "street_4": ",",
    "nataz": ",לא",
    "fast2city": ",לא",
    "blue_line": ",לא",
    "red_line": ",לא",
    "green_line": ",לא",
    "purple_line": ",לא",
    "brown_line": ",כן",
    "DAN_BICYCLE": ",לא",
    "no_project": ",לא",
    "Metronit": ",לא",
    "Auth Code": ",",
    "Fast2City Code": ",",
    "DESCRIPTIO": ",רוטשילד ההסתדרות",
    "Green_Wave_ID": null,
    "תאריך עדכון אחרון": "07/06/2020 00:00",
    "CLUSTER_ID": 590.0,
    "CLUSTER_SIZE": 1.0,
    "layer": "צמתים מרומזרים — TRAFFIC_LIGHT_JNCTN.shp,רמזורי נתיבי איילון- סופי",
    "path": "/vsizip/M:/Tnua/3119/Documents/TR/מיפוי מרכז/GIS/BACKGROUND/צמתים מרומזרים.zip,M:\\Tnua\\3119\\Documents\\TR\\מיפוי מרכז\\GIS\\MERGED\\רמזורי נתיבי איילון- סופי.gpkg|layername=רמזורי נתיבי איילון- סופי",
    "CLUSTER_ID_2": 2280,
    "CLUSTER_SIZE_2": 2,
    "Existing bus lane": 0,
    "Planned bus lane": 0,
    "Interurban bus lane": 0,
    "Additional bus lanes": 0,
    "Metro line": 0,
    "FUNC_min": 46.0,
    "Road Hierachy": "דרך עורקית",
    "Terminals": 0,
    "TUEDEP_sum": 1533.0,
    "Rail-affected intersection": 0,
    "lrt-station affected intersection": 0,
    "LRT- status": null,
    "LRT": 0,
    "metro line station - affected intersection": 0,
    "BRT - status": null,
    "BRT": "0",
    "No. of Bus Lane Directions": null,
    "NODE_ID": 150620.0,
    "node_dist_m": 0.0,
    "entering_volume": 1712.6901935,
    "n_incoming_links": 4.0,
    "nearest_street": "ההסתדרות",
    "daily_bus_passes": 1533.0,
    "n_distinct_lines": 45,
    "Rail-affected intersection (network)": 0,
    "lrt-station affected intersection (network)": 0,
    "metro line station - affected intersection (network)": 0,
    "Terminals (network)": 0,
    "score_nataz": 0,
    "score_metro": 0,
    "score_brt": 0,
    "score_terminal": 0,
    "score_rail": 0,
    "score_lrt": 0,
    "score_bus_passes": 1533.0,
    "Bus Lane Directions (capped at 2)": 0.0,
    "score_directions": 0.0,
    "score_road": 1800.0,
    "score_entering_volume": 68.50760774,
    "TOTAL_SCORE": 3401.50760774,
    "Vx_neighbors_included": "",
    "brt_line": "חום (שלב א')",
    "junction_name": "רוטשילד ההסתדרות",
    "streets": "רוטשילד / ההסתדרות / שפרינצק / שדרות בן גוריון",
    "city_clean": "ראשון לציון",
    "status_clean": "קיים",
    "n_junctions_within_200m": 0,
    "junctions_within_200m_fids": "",
    "nearest_brt_junction_fid": 2375,
    "nearest_brt_junction_dist_m": 328.2
   },
   "geometry": {
    "type": "Point",
    "coordinates": [
     180246.4081,
     652503.6809
    ]
   }
  },
  {
   "type": "Feature",
   "properties": {
    "fid": 2375,
    "DISTRICODE": 4.0,
    "DISTRICT": "מרכז,",
    "X": 180571.6207,
    "Y": 652459.4121,
    "DOMAIN": "עירוני,",
    "JUNCTION": ",",
    "STREETROAD": "מאפו / רוטשילד / רמז,",
    "CITY": "ראשון לציון,",
    "CITYCODE": 8300.0,
    "TRAFAUTH": ",",
    "AUTHCODE": null,
    "AYALON Code": 11021.0,
    "ID": 644.0,
    "רשות מקומית": ",ראשון לציון",
    "רשות תמרור": ",ראשון לציון",
    "Mantam": 0,
    "Status": ",קיים",
    "name": ",רוטשילד רמז",
    "main street": ",רוטשילד",
    "stree_1": ",רמז",
    "stree_2": ",מאפו",
    "street_3": ",",
    "street_4": ",",
    "nataz": ",לא",
    "fast2city": ",לא",
    "blue_line": ",לא",
    "red_line": ",לא",
    "green_line": ",לא",
    "purple_line": ",לא",
    "brown_line": ",כן",
    "DAN_BICYCLE": ",לא",
    "no_project": ",לא",
    "Metronit": ",לא",
    "Auth Code": ",",
    "Fast2City Code": ",",
    "DESCRIPTIO": ",רוטשילד רמז",
    "Green_Wave_ID": null,
    "תאריך עדכון אחרון": "07/06/2020 00:00",
    "CLUSTER_ID": 591.0,
    "CLUSTER_SIZE": 1.0,
    "layer": "צמתים מרומזרים — TRAFFIC_LIGHT_JNCTN.shp,רמזורי נתיבי איילון- סופי",
    "path": "/vsizip/M:/Tnua/3119/Documents/TR/מיפוי מרכז/GIS/BACKGROUND/צמתים מרומזרים.zip,M:\\Tnua\\3119\\Documents\\TR\\מיפוי מרכז\\GIS\\MERGED\\רמזורי נתיבי איילון- סופי.gpkg|layername=רמזורי נתיבי איילון- סופי",
    "CLUSTER_ID_2": 2282,
    "CLUSTER_SIZE_2": 2,
    "Existing bus lane": 0,
    "Planned bus lane": 0,
    "Interurban bus lane": 0,
    "Additional bus lanes": 0,
    "Metro line": 0,
    "FUNC_min": 46.0,
    "Road Hierachy": "דרך עורקית",
    "Terminals": 0,
    "TUEDEP_sum": 1294.0,
    "Rail-affected intersection": 0,
    "lrt-station affected intersection": 0,
    "LRT- status": null,
    "LRT": 0,
    "metro line station - affected intersection": 0,
    "BRT - status": null,
    "BRT": "0",
    "No. of Bus Lane Directions": null,
    "NODE_ID": 150272.0,
    "node_dist_m": 0.0,
    "entering_volume": 850.97972,
    "n_incoming_links": 2.0,
    "nearest_street": "רוטשילד",
    "daily_bus_passes": 1294.0,
    "n_distinct_lines": 40,
    "Rail-affected intersection (network)": 0,
    "lrt-station affected intersection (network)": 0,
    "metro line station - affected intersection (network)": 0,
    "Terminals (network)": 0,
    "score_nataz": 0,
    "score_metro": 0,
    "score_brt": 0,
    "score_terminal": 0,
    "score_rail": 0,
    "score_lrt": 0,
    "score_bus_passes": 1294.0,
    "Bus Lane Directions (capped at 2)": 0.0,
    "score_directions": 0.0,
    "score_road": 1800.0,
    "score_entering_volume": 34.0391888,
    "TOTAL_SCORE": 3128.0391888,
    "Vx_neighbors_included": "",
    "brt_line": "חום (שלב א')",
    "junction_name": "רוטשילד רמז",
    "streets": "רוטשילד / רמז / מאפו",
    "city_clean": "ראשון לציון",
    "status_clean": "קיים",
    "n_junctions_within_200m": 0,
    "junctions_within_200m_fids": "",
    "nearest_brt_junction_fid": 2374,
    "nearest_brt_junction_dist_m": 328.2
   },
   "geometry": {
    "type": "Point",
    "coordinates": [
     180571.6207,
     652459.4121
    ]
   }
  },
  {
   "type": "Feature",
   "properties": {
    "fid": 2389,
    "DISTRICODE": 4.0,
    "DISTRICT": "מרכז,",
    "X": 181215.7584,
    "Y": 652381.131,
    "DOMAIN": "עירוני,",
    "JUNCTION": ",",
    "STREETROAD": "זאב ז'בוטינסקי (441) / רוטשילד,",
    "CITY": "ראשון לציון,",
    "CITYCODE": 8300.0,
    "TRAFAUTH": ",",
    "AUTHCODE": null,
    "AYALON Code": 11036.0,
    "ID": 659.0,
    "רשות מקומית": ",ראשון לציון",
    "רשות תמרור": ",ראשון לציון",
    "Mantam": 0,
    "Status": ",קיים",
    "name": ",זבוטינסקי רוטשילד",
    "main street": ",ז'בוטינסקי",
    "stree_1": ",רוטשילד",
    "stree_2": ",",
    "street_3": ",",
    "street_4": ",",
    "nataz": ",כן",
    "fast2city": ",לא",
    "blue_line": ",לא",
    "red_line": ",לא",
    "green_line": ",לא",
    "purple_line": ",לא",
    "brown_line": ",כן",
    "DAN_BICYCLE": ",לא",
    "no_project": ",לא",
    "Metronit": ",לא",
    "Auth Code": ",",
    "Fast2City Code": ",",
    "DESCRIPTIO": ",זבוטינסקי רוטשילד",
    "Green_Wave_ID": null,
    "תאריך עדכון אחרון": "07/06/2020 00:00",
    "CLUSTER_ID": 606.0,
    "CLUSTER_SIZE": 1.0,
    "layer": "צמתים מרומזרים — TRAFFIC_LIGHT_JNCTN.shp,רמזורי נתיבי איילון- סופי",
    "path": "/vsizip/M:/Tnua/3119/Documents/TR/מיפוי מרכז/GIS/BACKGROUND/צמתים מרומזרים.zip,M:\\Tnua\\3119\\Documents\\TR\\מיפוי מרכז\\GIS\\MERGED\\רמזורי נתיבי איילון- סופי.gpkg|layername=רמזורי נתיבי איילון- סופי",
    "CLUSTER_ID_2": 2284,
    "CLUSTER_SIZE_2": 2,
    "Existing bus lane": 1,
    "Planned bus lane": 1,
    "Interurban bus lane": 0,
    "Additional bus lanes": 0,
    "Metro line": 1,
    "FUNC_min": 43.0,
    "Road Hierachy": "דרך אזורית",
    "Terminals": 0,
    "TUEDEP_sum": 2018.0,
    "Rail-affected intersection": 0,
    "lrt-station affected intersection": 0,
    "LRT- status": null,
    "LRT": 0,
    "metro line station - affected intersection": 1,
    "BRT - status": null,
    "BRT": "0",
    "No. of Bus Lane Directions": 4.0,
    "NODE_ID": 150140.0,
    "node_dist_m": 0.0,
    "entering_volume": 3069.574552,
    "n_incoming_links": 4.0,
    "nearest_street": "רוטשילד",
    "daily_bus_passes": 2018.0,
    "n_distinct_lines": 58,
    "Rail-affected intersection (network)": 0,
    "lrt-station affected intersection (network)": 0,
    "metro line station - affected intersection (network)": 1,
    "Terminals (network)": 0,
    "score_nataz": 2000,
    "score_metro": 4000,
    "score_brt": 0,
    "score_terminal": 0,
    "score_rail": 0,
    "score_lrt": 0,
    "score_bus_passes": 2018.0,
    "Bus Lane Directions (capped at 2)": 2.0,
    "score_directions": 500.0,
    "score_road": 1800.0,
    "score_entering_volume": 122.78298208,
    "TOTAL_SCORE": 10440.78298208,
    "Vx_neighbors_included": "FID=2390 (r=101m, score=8190); FID=2388 (r=190m, score=7903)",
    "brt_line": "חום (שלב א')",
    "junction_name": "זבוטינסקי רוטשילד",
    "streets": "ז'בוטינסקי / רוטשילד",
    "city_clean": "ראשון לציון",
    "status_clean": "קיים",
    "n_junctions_within_200m": 2,
    "junctions_within_200m_fids": "2390, 2388",
    "nearest_brt_junction_fid": 2463,
    "nearest_brt_junction_dist_m": 283.6
   },
   "geometry": {
    "type": "Point",
    "coordinates": [
     181215.7584,
     652381.131
    ]
   }
  },
  {
   "type": "Feature",
   "properties": {
    "fid": 2392,
    "DISTRICODE": 4.0,
    "DISTRICT": "מרכז,",
    "X": 181702.907,
    "Y": 652155.654,
    "DOMAIN": "עירוני,",
    "JUNCTION": ",",
    "STREETROAD": "הכרמל / זד''ל,",
    "CITY": "ראשון לציון,",
    "CITYCODE": 8300.0,
    "TRAFAUTH": ",",
    "AUTHCODE": null,
    "AYALON Code": 11039.0,
    "ID": 662.0,
    "רשות מקומית": ",ראשון לציון",
    "רשות תמרור": ",ראשון לציון",
    "Mantam": 0,
    "Status": ",קיים",
    "name": ",הכרמל זדל",
    "main street": ",הכרמל",
    "stree_1": ",זדל",
    "stree_2": ",",
    "street_3": ",",
    "street_4": ",",
    "nataz": ",לא",
    "fast2city": ",לא",
    "blue_line": ",לא",
    "red_line": ",לא",
    "green_line": ",לא",
    "purple_line": ",לא",
    "brown_line": ",כן",
    "DAN_BICYCLE": ",לא",
    "no_project": ",לא",
    "Metronit": ",לא",
    "Auth Code": ",",
    "Fast2City Code": ",",
    "DESCRIPTIO": ",הכרמל זדל",
    "Green_Wave_ID": null,
    "תאריך עדכון אחרון": "07/06/2020 00:00",
    "CLUSTER_ID": 609.0,
    "CLUSTER_SIZE": 1.0,
    "layer": "צמתים מרומזרים — TRAFFIC_LIGHT_JNCTN.shp,רמזורי נתיבי איילון- סופי",
    "path": "/vsizip/M:/Tnua/3119/Documents/TR/מיפוי מרכז/GIS/BACKGROUND/צמתים מרומזרים.zip,M:\\Tnua\\3119\\Documents\\TR\\מיפוי מרכז\\GIS\\MERGED\\רמזורי נתיבי איילון- סופי.gpkg|layername=רמזורי נתיבי איילון- סופי",
    "CLUSTER_ID_2": 2317,
    "CLUSTER_SIZE_2": 2,
    "Existing bus lane": 0,
    "Planned bus lane": 1,
    "Interurban bus lane": 0,
    "Additional bus lanes": 0,
    "Metro line": 0,
    "FUNC_min": 46.0,
    "Road Hierachy": "דרך עורקית",
    "Terminals": 0,
    "TUEDEP_sum": 296.0,
    "Rail-affected intersection": 0,
    "lrt-station affected intersection": 0,
    "LRT- status": null,
    "LRT": 0,
    "metro line station - affected intersection": 0,
    "BRT - status": null,
    "BRT": "0",
    "No. of Bus Lane Directions": 2.0,
    "NODE_ID": 150215.0,
    "node_dist_m": 0.0,
    "entering_volume": 1071.05237,
    "n_incoming_links": 3.0,
    "nearest_street": null,
    "daily_bus_passes": 296.0,
    "n_distinct_lines": 11,
    "Rail-affected intersection (network)": 0,
    "lrt-station affected intersection (network)": 0,
    "metro line station - affected intersection (network)": 0,
    "Terminals (network)": 0,
    "score_nataz": 1000,
    "score_metro": 0,
    "score_brt": 0,
    "score_terminal": 0,
    "score_rail": 0,
    "score_lrt": 0,
    "score_bus_passes": 296.0,
    "Bus Lane Directions (capped at 2)": 2.0,
    "score_directions": 500.0,
    "score_road": 1800.0,
    "score_entering_volume": 42.8420948,
    "TOTAL_SCORE": 3638.8420948,
    "Vx_neighbors_included": "",
    "brt_line": "חום (שלב א')",
    "junction_name": "הכרמל זדל",
    "streets": "הכרמל / זדל",
    "city_clean": "ראשון לציון",
    "status_clean": "קיים",
    "n_junctions_within_200m": 0,
    "junctions_within_200m_fids": "",
    "nearest_brt_junction_fid": 2462,
    "nearest_brt_junction_dist_m": 197.2
   },
   "geometry": {
    "type": "Point",
    "coordinates": [
     181702.907,
     652155.654
    ]
   }
  },
  {
   "type": "Feature",
   "properties": {
    "fid": 2403,
    "DISTRICODE": 4.0,
    "DISTRICT": "מרכז,",
    "X": 181941.3037,
    "Y": 652149.6745,
    "DOMAIN": "עירוני,",
    "JUNCTION": ",",
    "STREETROAD": "אחד העם / הכרמל / חלוצי יסוד המעלה / ירושלים,",
    "CITY": "ראשון לציון,",
    "CITYCODE": 8300.0,
    "TRAFAUTH": ",",
    "AUTHCODE": null,
    "AYALON Code": 11050.0,
    "ID": 673.0,
    "רשות מקומית": ",ראשון לציון",
    "רשות תמרור": ",ראשון לציון",
    "Mantam": 0,
    "Status": ",קיים",
    "name": ",הכרמל חלוצי יסוד המעלה",
    "main street": ",ירושלים",
    "stree_1": ",הכרמל",
    "stree_2": ",חלוצי יסוד המעלה",
    "street_3": ",אחד העם",
    "street_4": ",",
    "nataz": ",לא",
    "fast2city": ",לא",
    "blue_line": ",לא",
    "red_line": ",לא",
    "green_line": ",לא",
    "purple_line": ",לא",
    "brown_line": ",כן",
    "DAN_BICYCLE": ",לא",
    "no_project": ",לא",
    "Metronit": ",לא",
    "Auth Code": ",",
    "Fast2City Code": ",",
    "DESCRIPTIO": ",הכרמל חלוצי יסוד המעלה",
    "Green_Wave_ID": null,
    "תאריך עדכון אחרון": "07/06/2020 00:00",
    "CLUSTER_ID": 620.0,
    "CLUSTER_SIZE": 1.0,
    "layer": "צמתים מרומזרים — TRAFFIC_LIGHT_JNCTN.shp,רמזורי נתיבי איילון- סופי",
    "path": "/vsizip/M:/Tnua/3119/Documents/TR/מיפוי מרכז/GIS/BACKGROUND/צמתים מרומזרים.zip,M:\\Tnua\\3119\\Documents\\TR\\מיפוי מרכז\\GIS\\MERGED\\רמזורי נתיבי איילון- סופי.gpkg|layername=רמזורי נתיבי איילון- סופי",
    "CLUSTER_ID_2": 2318,
    "CLUSTER_SIZE_2": 2,
    "Existing bus lane": 0,
    "Planned bus lane": 1,
    "Interurban bus lane": 0,
    "Additional bus lanes": 0,
    "Metro line": 0,
    "FUNC_min": 46.0,
    "Road Hierachy": "דרך עורקית",
    "Terminals": 0,
    "TUEDEP_sum": 535.0,
    "Rail-affected intersection": 0,
    "lrt-station affected intersection": 0,
    "LRT- status": null,
    "LRT": 0,
    "metro line station - affected intersection": 0,
    "BRT - status": null,
    "BRT": "0",
    "No. of Bus Lane Directions": 2.0,
    "NODE_ID": 150173.0,
    "node_dist_m": 0.0,
    "entering_volume": 748.05237,
    "n_incoming_links": 2.0,
    "nearest_street": "ירושלים",
    "daily_bus_passes": 535.0,
    "n_distinct_lines": 17,
    "Rail-affected intersection (network)": 0,
    "lrt-station affected intersection (network)": 0,
    "metro line station - affected intersection (network)": 0,
    "Terminals (network)": 0,
    "score_nataz": 1000,
    "score_metro": 0,
    "score_brt": 0,
    "score_terminal": 0,
    "score_rail": 0,
    "score_lrt": 0,
    "score_bus_passes": 535.0,
    "Bus Lane Directions (capped at 2)": 2.0,
    "score_directions": 500.0,
    "score_road": 1800.0,
    "score_entering_volume": 29.9220948,
    "TOTAL_SCORE": 3864.9220948,
    "Vx_neighbors_included": "",
    "brt_line": "חום (שלב א')",
    "junction_name": "הכרמל חלוצי יסוד המעלה",
    "streets": "ירושלים / הכרמל / חלוצי יסוד המעלה / אחד העם",
    "city_clean": "ראשון לציון",
    "status_clean": "קיים",
    "n_junctions_within_200m": 0,
    "junctions_within_200m_fids": "",
    "nearest_brt_junction_fid": 2392,
    "nearest_brt_junction_dist_m": 238.5
   },
   "geometry": {
    "type": "Point",
    "coordinates": [
     181941.3037,
     652149.6745
    ]
   }
  },
  {
   "type": "Feature",
   "properties": {
    "fid": 2404,
    "DISTRICODE": 4.0,
    "DISTRICT": "מרכז,",
    "X": 182252.579,
    "Y": 652193.2242,
    "DOMAIN": "עירוני,",
    "JUNCTION": ",",
    "STREETROAD": "בלקינד / הגדוד העברי / ירושלים,",
    "CITY": "ראשון לציון,",
    "CITYCODE": 8300.0,
    "TRAFAUTH": ",",
    "AUTHCODE": null,
    "AYALON Code": 11051.0,
    "ID": 674.0,
    "רשות מקומית": ",ראשון לציון",
    "רשות תמרור": ",ראשון לציון",
    "Mantam": 0,
    "Status": ",קיים",
    "name": ",ירושלים בלקינד שמשון",
    "main street": ",ירושלים",
    "stree_1": ",שמשון בלקינד",
    "stree_2": ",הגדוד העברי",
    "street_3": ",",
    "street_4": ",",
    "nataz": ",לא",
    "fast2city": ",לא",
    "blue_line": ",לא",
    "red_line": ",לא",
    "green_line": ",לא",
    "purple_line": ",לא",
    "brown_line": ",כן",
    "DAN_BICYCLE": ",לא",
    "no_project": ",לא",
    "Metronit": ",לא",
    "Auth Code": ",",
    "Fast2City Code": ",",
    "DESCRIPTIO": ",ירושלים בלקינד שמשון",
    "Green_Wave_ID": null,
    "תאריך עדכון אחרון": "07/06/2020 00:00",
    "CLUSTER_ID": 621.0,
    "CLUSTER_SIZE": 1.0,
    "layer": "צמתים מרומזרים — TRAFFIC_LIGHT_JNCTN.shp,רמזורי נתיבי איילון- סופי",
    "path": "/vsizip/M:/Tnua/3119/Documents/TR/מיפוי מרכז/GIS/BACKGROUND/צמתים מרומזרים.zip,M:\\Tnua\\3119\\Documents\\TR\\מיפוי מרכז\\GIS\\MERGED\\רמזורי נתיבי איילון- סופי.gpkg|layername=רמזורי נתיבי איילון- סופי",
    "CLUSTER_ID_2": 2323,
    "CLUSTER_SIZE_2": 2,
    "Existing bus lane": 0,
    "Planned bus lane": 1,
    "Interurban bus lane": 0,
    "Additional bus lanes": 0,
    "Metro line": 0,
    "FUNC_min": 46.0,
    "Road Hierachy": "דרך עורקית",
    "Terminals": 0,
    "TUEDEP_sum": 775.0,
    "Rail-affected intersection": 0,
    "lrt-station affected intersection": 0,
    "LRT- status": null,
    "LRT": 0,
    "metro line station - affected intersection": 0,
    "BRT - status": null,
    "BRT": "0",
    "No. of Bus Lane Directions": 2.0,
    "NODE_ID": null,
    "node_dist_m": null,
    "entering_volume": null,
    "n_incoming_links": null,
    "nearest_street": null,
    "daily_bus_passes": 775.0,
    "n_distinct_lines": 26,
    "Rail-affected intersection (network)": 0,
    "lrt-station affected intersection (network)": 0,
    "metro line station - affected intersection (network)": 0,
    "Terminals (network)": 0,
    "score_nataz": 1000,
    "score_metro": 0,
    "score_brt": 0,
    "score_terminal": 0,
    "score_rail": 0,
    "score_lrt": 0,
    "score_bus_passes": 775.0,
    "Bus Lane Directions (capped at 2)": 2.0,
    "score_directions": 500.0,
    "score_road": 1800.0,
    "score_entering_volume": 0.0,
    "TOTAL_SCORE": 4075.0,
    "Vx_neighbors_included": "FID=2405 (r=73m, score=3811)",
    "brt_line": "חום (שלב א')",
    "junction_name": "ירושלים בלקינד שמשון",
    "streets": "ירושלים / שמשון בלקינד / הגדוד העברי",
    "city_clean": "ראשון לציון",
    "status_clean": "קיים",
    "n_junctions_within_200m": 0,
    "junctions_within_200m_fids": "",
    "nearest_brt_junction_fid": 2405,
    "nearest_brt_junction_dist_m": 71.9
   },
   "geometry": {
    "type": "Point",
    "coordinates": [
     182252.579,
     652193.2242
    ]
   }
  },
  {
   "type": "Feature",
   "properties": {
    "fid": 2405,
    "DISTRICODE": 4.0,
    "DISTRICT": "מרכז,",
    "X": 182324.0757,
    "Y": 652200.948,
    "DOMAIN": "עירוני,",
    "JUNCTION": ",",
    "STREETROAD": "בלפור / ירושלים / שיבת ציון,",
    "CITY": "ראשון לציון,",
    "CITYCODE": 8300.0,
    "TRAFAUTH": ",",
    "AUTHCODE": null,
    "AYALON Code": 11052.0,
    "ID": 675.0,
    "רשות מקומית": ",ראשון לציון",
    "רשות תמרור": ",ראשון לציון",
    "Mantam": 0,
    "Status": ",קיים",
    "name": ",ירושלים שיבת ציון",
    "main street": ",ירושלים",
    "stree_1": ",שיבת ציון",
    "stree_2": ",בלפור",
    "street_3": ",",
    "street_4": ",",
    "nataz": ",לא",
    "fast2city": ",לא",
    "blue_line": ",לא",
    "red_line": ",לא",
    "green_line": ",לא",
    "purple_line": ",לא",
    "brown_line": ",כן",
    "DAN_BICYCLE": ",לא",
    "no_project": ",לא",
    "Metronit": ",לא",
    "Auth Code": ",",
    "Fast2City Code": ",",
    "DESCRIPTIO": ",ירושלים שיבת ציון",
    "Green_Wave_ID": null,
    "תאריך עדכון אחרון": "07/06/2020 00:00",
    "CLUSTER_ID": 622.0,
    "CLUSTER_SIZE": 1.0,
    "layer": "צמתים מרומזרים — TRAFFIC_LIGHT_JNCTN.shp,רמזורי נתיבי איילון- סופי",
    "path": "/vsizip/M:/Tnua/3119/Documents/TR/מיפוי מרכז/GIS/BACKGROUND/צמתים מרומזרים.zip,M:\\Tnua\\3119\\Documents\\TR\\מיפוי מרכז\\GIS\\MERGED\\רמזורי נתיבי איילון- סופי.gpkg|layername=רמזורי נתיבי איילון- סופי",
    "CLUSTER_ID_2": 2324,
    "CLUSTER_SIZE_2": 2,
    "Existing bus lane": 0,
    "Planned bus lane": 1,
    "Interurban bus lane": 0,
    "Additional bus lanes": 0,
    "Metro line": 0,
    "FUNC_min": 46.0,
    "Road Hierachy": "דרך עורקית",
    "Terminals": 0,
    "TUEDEP_sum": 775.0,
    "Rail-affected intersection": 0,
    "lrt-station affected intersection": 0,
    "LRT- status": null,
    "LRT": 0,
    "metro line station - affected intersection": 0,
    "BRT - status": null,
    "BRT": "0",
    "No. of Bus Lane Directions": 2.0,
    "NODE_ID": 150250.0,
    "node_dist_m": 0.0,
    "entering_volume": 901.989,
    "n_incoming_links": 4.0,
    "nearest_street": null,
    "daily_bus_passes": 775.0,
    "n_distinct_lines": 26,
    "Rail-affected intersection (network)": 0,
    "lrt-station affected intersection (network)": 0,
    "metro line station - affected intersection (network)": 0,
    "Terminals (network)": 0,
    "score_nataz": 1000,
    "score_metro": 0,
    "score_brt": 0,
    "score_terminal": 0,
    "score_rail": 0,
    "score_lrt": 0,
    "score_bus_passes": 775.0,
    "Bus Lane Directions (capped at 2)": 2.0,
    "score_directions": 500.0,
    "score_road": 1800.0,
    "score_entering_volume": 36.07956,
    "TOTAL_SCORE": 4111.07956,
    "Vx_neighbors_included": "FID=2404 (r=73m, score=3775)",
    "brt_line": "חום (שלב א')",
    "junction_name": "ירושלים שיבת ציון",
    "streets": "ירושלים / שיבת ציון / בלפור",
    "city_clean": "ראשון לציון",
    "status_clean": "קיים",
    "n_junctions_within_200m": 0,
    "junctions_within_200m_fids": "",
    "nearest_brt_junction_fid": 2404,
    "nearest_brt_junction_dist_m": 71.9
   },
   "geometry": {
    "type": "Point",
    "coordinates": [
     182324.0757,
     652200.948
    ]
   }
  },
  {
   "type": "Feature",
   "properties": {
    "fid": 2406,
    "DISTRICODE": 4.0,
    "DISTRICT": "מרכז,",
    "X": 182861.8886,
    "Y": 652254.5622,
    "DOMAIN": "עירוני,",
    "JUNCTION": ",",
    "STREETROAD": "גבעתי / השומר / ירושלים,",
    "CITY": "ראשון לציון,",
    "CITYCODE": 8300.0,
    "TRAFAUTH": ",",
    "AUTHCODE": null,
    "AYALON Code": 11053.0,
    "ID": 676.0,
    "רשות מקומית": ",ראשון לציון",
    "רשות תמרור": ",ראשון לציון",
    "Mantam": 0,
    "Status": ",קיים",
    "name": ",ירושלים השומר",
    "main street": ",ירושלים",
    "stree_1": ",השומר",
    "stree_2": ",גבעתי",
    "street_3": ",",
    "street_4": ",",
    "nataz": ",לא",
    "fast2city": ",לא",
    "blue_line": ",לא",
    "red_line": ",לא",
    "green_line": ",לא",
    "purple_line": ",לא",
    "brown_line": ",כן",
    "DAN_BICYCLE": ",לא",
    "no_project": ",לא",
    "Metronit": ",לא",
    "Auth Code": ",",
    "Fast2City Code": ",",
    "DESCRIPTIO": ",ירושלים השומר",
    "Green_Wave_ID": null,
    "תאריך עדכון אחרון": "07/06/2020 00:00",
    "CLUSTER_ID": 623.0,
    "CLUSTER_SIZE": 1.0,
    "layer": "צמתים מרומזרים — TRAFFIC_LIGHT_JNCTN.shp,רמזורי נתיבי איילון- סופי",
    "path": "/vsizip/M:/Tnua/3119/Documents/TR/מיפוי מרכז/GIS/BACKGROUND/צמתים מרומזרים.zip,M:\\Tnua\\3119\\Documents\\TR\\מיפוי מרכז\\GIS\\MERGED\\רמזורי נתיבי איילון- סופי.gpkg|layername=רמזורי נתיבי איילון- סופי",
    "CLUSTER_ID_2": 2345,
    "CLUSTER_SIZE_2": 2,
    "Existing bus lane": 0,
    "Planned bus lane": 1,
    "Interurban bus lane": 0,
    "Additional bus lanes": 0,
    "Metro line": 0,
    "FUNC_min": 46.0,
    "Road Hierachy": "דרך עורקית",
    "Terminals": 0,
    "TUEDEP_sum": 834.0,
    "Rail-affected intersection": 0,
    "lrt-station affected intersection": 0,
    "LRT- status": null,
    "LRT": 0,
    "metro line station - affected intersection": 0,
    "BRT - status": null,
    "BRT": "0",
    "No. of Bus Lane Directions": 4.0,
    "NODE_ID": 150380.0,
    "node_dist_m": 0.0,
    "entering_volume": 2066.0496463,
    "n_incoming_links": 4.0,
    "nearest_street": null,
    "daily_bus_passes": 834.0,
    "n_distinct_lines": 29,
    "Rail-affected intersection (network)": 0,
    "lrt-station affected intersection (network)": 0,
    "metro line station - affected intersection (network)": 0,
    "Terminals (network)": 0,
    "score_nataz": 1000,
    "score_metro": 0,
    "score_brt": 0,
    "score_terminal": 0,
    "score_rail": 0,
    "score_lrt": 0,
    "score_bus_passes": 834.0,
    "Bus Lane Directions (capped at 2)": 2.0,
    "score_directions": 500.0,
    "score_road": 1800.0,
    "score_entering_volume": 82.641985852,
    "TOTAL_SCORE": 4216.641985852,
    "Vx_neighbors_included": "",
    "brt_line": "חום (שלב א')",
    "junction_name": "ירושלים השומר",
    "streets": "ירושלים / השומר / גבעתי",
    "city_clean": "ראשון לציון",
    "status_clean": "קיים",
    "n_junctions_within_200m": 0,
    "junctions_within_200m_fids": "",
    "nearest_brt_junction_fid": 2479,
    "nearest_brt_junction_dist_m": 386.4
   },
   "geometry": {
    "type": "Point",
    "coordinates": [
     182861.8886,
     652254.5622
    ]
   }
  },
  {
   "type": "Feature",
   "properties": {
    "fid": 2425,
    "DISTRICODE": 4.0,
    "DISTRICT": "מרכז,",
    "X": 175779.1257,
    "Y": 655743.5203,
    "DOMAIN": "עירוני,",
    "JUNCTION": ",",
    "STREETROAD": "כורש / רחבעם זאבי (441),",
    "CITY": "ראשון לציון,",
    "CITYCODE": 8300.0,
    "TRAFAUTH": "נתע,",
    "AUTHCODE": "10104",
    "AYALON Code": 11072.0,
    "ID": 695.0,
    "רשות מקומית": ",ראשון לציון",
    "רשות תמרור": ",נת\"ע",
    "Mantam": 0,
    "Status": ",קיים",
    "name": ",שדרות רחבעם זאבי כורש",
    "main street": ",שדרות רחבעם זאבי",
    "stree_1": ",כורש",
    "stree_2": ",",
    "street_3": ",",
    "street_4": ",",
    "nataz": ",לא",
    "fast2city": ",לא",
    "blue_line": ",לא",
    "red_line": ",כן",
    "green_line": ",לא",
    "purple_line": ",לא",
    "brown_line": ",כן",
    "DAN_BICYCLE": ",לא",
    "no_project": ",לא",
    "Metronit": ",לא",
    "Auth Code": ",",
    "Fast2City Code": ",",
    "DESCRIPTIO": ",שדרות רחבעם זאבי כורש",
    "Green_Wave_ID": null,
    "תאריך עדכון אחרון": "07/06/2020 00:00",
    "CLUSTER_ID": 642.0,
    "CLUSTER_SIZE": 1.0,
    "layer": "צמתים מרומזרים — TRAFFIC_LIGHT_JNCTN.shp,רמזורי נתיבי איילון- סופי",
    "path": "/vsizip/M:/Tnua/3119/Documents/TR/מיפוי מרכז/GIS/BACKGROUND/צמתים מרומזרים.zip,M:\\Tnua\\3119\\Documents\\TR\\מיפוי מרכז\\GIS\\MERGED\\רמזורי נתיבי איילון- סופי.gpkg|layername=רמזורי נתיבי איילון- סופי",
    "CLUSTER_ID_2": 2359,
    "CLUSTER_SIZE_2": 2,
    "Existing bus lane": 0,
    "Planned bus lane": 1,
    "Interurban bus lane": 0,
    "Additional bus lanes": 0,
    "Metro line": 0,
    "FUNC_min": 43.0,
    "Road Hierachy": "דרך אזורית",
    "Terminals": 0,
    "TUEDEP_sum": 485.0,
    "Rail-affected intersection": 0,
    "lrt-station affected intersection": 1,
    "LRT- status": "תכנון",
    "LRT": 1,
    "metro line station - affected intersection": 0,
    "BRT - status": null,
    "BRT": "0",
    "No. of Bus Lane Directions": 4.0,
    "NODE_ID": 152260.0,
    "node_dist_m": 0.0,
    "entering_volume": 1193.5679,
    "n_incoming_links": 3.0,
    "nearest_street": "שדרות רחבעם (זאבי)",
    "daily_bus_passes": 485.0,
    "n_distinct_lines": 24,
    "Rail-affected intersection (network)": 0,
    "lrt-station affected intersection (network)": 1,
    "metro line station - affected intersection (network)": 0,
    "Terminals (network)": 0,
    "score_nataz": 1000,
    "score_metro": 0,
    "score_brt": 0,
    "score_terminal": 0,
    "score_rail": 0,
    "score_lrt": 4000,
    "score_bus_passes": 485.0,
    "Bus Lane Directions (capped at 2)": 2.0,
    "score_directions": 500.0,
    "score_road": 1800.0,
    "score_entering_volume": 47.742716,
    "TOTAL_SCORE": 7832.742716,
    "Vx_neighbors_included": "",
    "brt_line": "חום (שלב א')",
    "junction_name": "שדרות רחבעם זאבי כורש",
    "streets": "שדרות רחבעם זאבי / כורש",
    "city_clean": "ראשון לציון",
    "status_clean": "קיים",
    "n_junctions_within_200m": 0,
    "junctions_within_200m_fids": "",
    "nearest_brt_junction_fid": 2426,
    "nearest_brt_junction_dist_m": 485.2
   },
   "geometry": {
    "type": "Point",
    "coordinates": [
     175779.1257,
     655743.5203
    ]
   }
  },
  {
   "type": "Feature",
   "properties": {
    "fid": 2426,
    "DISTRICODE": 4.0,
    "DISTRICT": "מרכז,",
    "X": 176220.6436,
    "Y": 655542.3685,
    "DOMAIN": "עירוני,",
    "JUNCTION": ",",
    "STREETROAD": "מינסטר / רחבעם זאבי (441),",
    "CITY": "ראשון לציון,",
    "CITYCODE": 8300.0,
    "TRAFAUTH": "נתע,",
    "AUTHCODE": "10104",
    "AYALON Code": 11073.0,
    "ID": 696.0,
    "רשות מקומית": ",ראשון לציון",
    "רשות תמרור": ",נת\"ע",
    "Mantam": 0,
    "Status": ",קיים",
    "name": ",שדרות רחבעם זאבי שדרות מריל",
    "main street": ",שדרות רחבעם זאבי",
    "stree_1": ",שדרות מרילנד",
    "stree_2": ",",
    "street_3": ",",
    "street_4": ",",
    "nataz": ",לא",
    "fast2city": ",לא",
    "blue_line": ",לא",
    "red_line": ",כן",
    "green_line": ",לא",
    "purple_line": ",לא",
    "brown_line": ",כן",
    "DAN_BICYCLE": ",לא",
    "no_project": ",לא",
    "Metronit": ",לא",
    "Auth Code": ",",
    "Fast2City Code": ",",
    "DESCRIPTIO": ",שדרות רחבעם זאבי שדרות מריל",
    "Green_Wave_ID": null,
    "תאריך עדכון אחרון": "07/06/2020 00:00",
    "CLUSTER_ID": 643.0,
    "CLUSTER_SIZE": 1.0,
    "layer": "צמתים מרומזרים — TRAFFIC_LIGHT_JNCTN.shp,רמזורי נתיבי איילון- סופי",
    "path": "/vsizip/M:/Tnua/3119/Documents/TR/מיפוי מרכז/GIS/BACKGROUND/צמתים מרומזרים.zip,M:\\Tnua\\3119\\Documents\\TR\\מיפוי מרכז\\GIS\\MERGED\\רמזורי נתיבי איילון- סופי.gpkg|layername=רמזורי נתיבי איילון- סופי",
    "CLUSTER_ID_2": 2360,
    "CLUSTER_SIZE_2": 2,
    "Existing bus lane": 0,
    "Planned bus lane": 1,
    "Interurban bus lane": 0,
    "Additional bus lanes": 0,
    "Metro line": 0,
    "FUNC_min": 43.0,
    "Road Hierachy": "דרך אזורית",
    "Terminals": 0,
    "TUEDEP_sum": 1000.0,
    "Rail-affected intersection": 0,
    "lrt-station affected intersection": 0,
    "LRT- status": "תכנון",
    "LRT": 1,
    "metro line station - affected intersection": 0,
    "BRT - status": null,
    "BRT": "0",
    "No. of Bus Lane Directions": 2.0,
    "NODE_ID": 152300.0,
    "node_dist_m": 0.0,
    "entering_volume": 1193.56795,
    "n_incoming_links": 3.0,
    "nearest_street": "שדרות רחבעם (זאבי)",
    "daily_bus_passes": 1000.0,
    "n_distinct_lines": 32,
    "Rail-affected intersection (network)": 0,
    "lrt-station affected intersection (network)": 0,
    "metro line station - affected intersection (network)": 0,
    "Terminals (network)": 0,
    "score_nataz": 1000,
    "score_metro": 0,
    "score_brt": 0,
    "score_terminal": 0,
    "score_rail": 0,
    "score_lrt": 4000,
    "score_bus_passes": 1000.0,
    "Bus Lane Directions (capped at 2)": 2.0,
    "score_directions": 500.0,
    "score_road": 1800.0,
    "score_entering_volume": 47.742718,
    "TOTAL_SCORE": 8347.742718,
    "Vx_neighbors_included": "",
    "brt_line": "חום (שלב א')",
    "junction_name": "שדרות רחבעם זאבי שדרות מריל",
    "streets": "שדרות רחבעם זאבי / שדרות מרילנד",
    "city_clean": "ראשון לציון",
    "status_clean": "קיים",
    "n_junctions_within_200m": 0,
    "junctions_within_200m_fids": "",
    "nearest_brt_junction_fid": 2427,
    "nearest_brt_junction_dist_m": 314.3
   },
   "geometry": {
    "type": "Point",
    "coordinates": [
     176220.6436,
     655542.3685
    ]
   }
  },
  {
   "type": "Feature",
   "properties": {
    "fid": 2427,
    "DISTRICODE": 4.0,
    "DISTRICT": "מרכז,",
    "X": 176486.4416,
    "Y": 655374.5765,
    "DOMAIN": "עירוני,",
    "JUNCTION": ",",
    "STREETROAD": "יוסף ספיר / רחבעם זאבי (441),",
    "CITY": "ראשון לציון,",
    "CITYCODE": 8300.0,
    "TRAFAUTH": "נתע,",
    "AUTHCODE": "10104",
    "AYALON Code": 11074.0,
    "ID": 697.0,
    "רשות מקומית": ",ראשון לציון",
    "רשות תמרור": ",נת\"ע",
    "Mantam": 0,
    "Status": ",קיים",
    "name": ",שדרות רחבעם זאבי ספיר יוסף",
    "main street": ",שדרות רחבעם זאבי",
    "stree_1": ",יוסף ספיר",
    "stree_2": ",",
    "street_3": ",",
    "street_4": ",",
    "nataz": ",לא",
    "fast2city": ",לא",
    "blue_line": ",לא",
    "red_line": ",כן",
    "green_line": ",לא",
    "purple_line": ",לא",
    "brown_line": ",כן",
    "DAN_BICYCLE": ",לא",
    "no_project": ",לא",
    "Metronit": ",לא",
    "Auth Code": ",",
    "Fast2City Code": ",",
    "DESCRIPTIO": ",שדרות רחבעם זאבי ספיר יוסף",
    "Green_Wave_ID": null,
    "תאריך עדכון אחרון": "07/06/2020 00:00",
    "CLUSTER_ID": 644.0,
    "CLUSTER_SIZE": 1.0,
    "layer": "צמתים מרומזרים — TRAFFIC_LIGHT_JNCTN.shp,רמזורי נתיבי איילון- סופי",
    "path": "/vsizip/M:/Tnua/3119/Documents/TR/מיפוי מרכז/GIS/BACKGROUND/צמתים מרומזרים.zip,M:\\Tnua\\3119\\Documents\\TR\\מיפוי מרכז\\GIS\\MERGED\\רמזורי נתיבי איילון- סופי.gpkg|layername=רמזורי נתיבי איילון- סופי",
    "CLUSTER_ID_2": 2361,
    "CLUSTER_SIZE_2": 2,
    "Existing bus lane": 0,
    "Planned bus lane": 1,
    "Interurban bus lane": 0,
    "Additional bus lanes": 0,
    "Metro line": 0,
    "FUNC_min": 43.0,
    "Road Hierachy": "דרך אזורית",
    "Terminals": 0,
    "TUEDEP_sum": 893.0,
    "Rail-affected intersection": 1,
    "lrt-station affected intersection": 1,
    "LRT- status": "תכנון",
    "LRT": 1,
    "metro line station - affected intersection": 0,
    "BRT - status": null,
    "BRT": "0",
    "No. of Bus Lane Directions": 2.0,
    "NODE_ID": 152240.0,
    "node_dist_m": 0.0,
    "entering_volume": 926.958972,
    "n_incoming_links": 4.0,
    "nearest_street": "שדרות רחבעם (זאבי)",
    "daily_bus_passes": 893.0,
    "n_distinct_lines": 27,
    "Rail-affected intersection (network)": 0,
    "lrt-station affected intersection (network)": 1,
    "metro line station - affected intersection (network)": 0,
    "Terminals (network)": 0,
    "score_nataz": 1000,
    "score_metro": 0,
    "score_brt": 0,
    "score_terminal": 0,
    "score_rail": 0,
    "score_lrt": 4000,
    "score_bus_passes": 893.0,
    "Bus Lane Directions (capped at 2)": 2.0,
    "score_directions": 500.0,
    "score_road": 1800.0,
    "score_entering_volume": 37.07835888,
    "TOTAL_SCORE": 8230.07835888,
    "Vx_neighbors_included": "",
    "brt_line": "חום (שלב א')",
    "junction_name": "שדרות רחבעם זאבי ספיר יוסף",
    "streets": "שדרות רחבעם זאבי / יוסף ספיר",
    "city_clean": "ראשון לציון",
    "status_clean": "קיים",
    "n_junctions_within_200m": 0,
    "junctions_within_200m_fids": "",
    "nearest_brt_junction_fid": 2426,
    "nearest_brt_junction_dist_m": 314.3
   },
   "geometry": {
    "type": "Point",
    "coordinates": [
     176486.4416,
     655374.5765
    ]
   }
  },
  {
   "type": "Feature",
   "properties": {
    "fid": 2428,
    "DISTRICODE": 4.0,
    "DISTRICT": "מרכז,",
    "X": 177764.111,
    "Y": 654851.0835,
    "DOMAIN": "עירוני,",
    "JUNCTION": ",",
    "STREETROAD": "יוסף לישנסקי / משה דיין (441),",
    "CITY": "ראשון לציון,",
    "CITYCODE": 8300.0,
    "TRAFAUTH": "נתע,",
    "AUTHCODE": "10104",
    "AYALON Code": 11075.0,
    "ID": 698.0,
    "רשות מקומית": ",ראשון לציון",
    "רשות תמרור": ",נת\"ע",
    "Mantam": 0,
    "Status": ",קיים",
    "name": ",שדרות דיין משה לישנסקי יוסף",
    "main street": ",שדרות משה דיין",
    "stree_1": ",יוסף לישנסקי",
    "stree_2": ",",
    "street_3": ",",
    "street_4": ",",
    "nataz": ",כן",
    "fast2city": ",לא",
    "blue_line": ",לא",
    "red_line": ",לא",
    "green_line": ",כן",
    "purple_line": ",לא",
    "brown_line": ",כן",
    "DAN_BICYCLE": ",לא",
    "no_project": ",לא",
    "Metronit": ",לא",
    "Auth Code": ",",
    "Fast2City Code": ",",
    "DESCRIPTIO": ",שדרות דיין משה לישנסקי יוסף",
    "Green_Wave_ID": null,
    "תאריך עדכון אחרון": "07/06/2020 00:00",
    "CLUSTER_ID": 645.0,
    "CLUSTER_SIZE": 1.0,
    "layer": "צמתים מרומזרים — TRAFFIC_LIGHT_JNCTN.shp,רמזורי נתיבי איילון- סופי",
    "path": "/vsizip/M:/Tnua/3119/Documents/TR/מיפוי מרכז/GIS/BACKGROUND/צמתים מרומזרים.zip,M:\\Tnua\\3119\\Documents\\TR\\מיפוי מרכז\\GIS\\MERGED\\רמזורי נתיבי איילון- סופי.gpkg|layername=רמזורי נתיבי איילון- סופי",
    "CLUSTER_ID_2": 2367,
    "CLUSTER_SIZE_2": 2,
    "Existing bus lane": 1,
    "Planned bus lane": 1,
    "Interurban bus lane": 0,
    "Additional bus lanes": 0,
    "Metro line": 0,
    "FUNC_min": 43.0,
    "Road Hierachy": "דרך אזורית",
    "Terminals": 0,
    "TUEDEP_sum": 1710.0,
    "Rail-affected intersection": 1,
    "lrt-station affected intersection": 1,
    "LRT- status": null,
    "LRT": 0,
    "metro line station - affected intersection": 0,
    "BRT - status": null,
    "BRT": "0",
    "No. of Bus Lane Directions": 4.0,
    "NODE_ID": 152180.0,
    "node_dist_m": 0.0,
    "entering_volume": 4259.9390792,
    "n_incoming_links": 3.0,
    "nearest_street": "שדרות משה דיין",
    "daily_bus_passes": 1710.0,
    "n_distinct_lines": 56,
    "Rail-affected intersection (network)": 0,
    "lrt-station affected intersection (network)": 1,
    "metro line station - affected intersection (network)": 0,
    "Terminals (network)": 0,
    "score_nataz": 2000,
    "score_metro": 0,
    "score_brt": 0,
    "score_terminal": 0,
    "score_rail": 0,
    "score_lrt": 4000,
    "score_bus_passes": 1710.0,
    "Bus Lane Directions (capped at 2)": 2.0,
    "score_directions": 500.0,
    "score_road": 1800.0,
    "score_entering_volume": 170.397563168,
    "TOTAL_SCORE": 10180.397563168,
    "Vx_neighbors_included": "",
    "brt_line": "חום (שלב א')",
    "junction_name": "שדרות דיין משה לישנסקי יוסף",
    "streets": "שדרות משה דיין / יוסף לישנסקי",
    "city_clean": "ראשון לציון",
    "status_clean": "קיים",
    "n_junctions_within_200m": 0,
    "junctions_within_200m_fids": "",
    "nearest_brt_junction_fid": 2429,
    "nearest_brt_junction_dist_m": 359.9
   },
   "geometry": {
    "type": "Point",
    "coordinates": [
     177764.111,
     654851.0835
    ]
   }
  },
  {
   "type": "Feature",
   "properties": {
    "fid": 2429,
    "DISTRICODE": 4.0,
    "DISTRICT": "מרכז,",
    "X": 178088.5034,
    "Y": 654695.1819,
    "DOMAIN": "עירוני,",
    "JUNCTION": ",",
    "STREETROAD": "משה דיין (441) / נדב בסקינד,",
    "CITY": "ראשון לציון,",
    "CITYCODE": 8300.0,
    "TRAFAUTH": "נתע,",
    "AUTHCODE": "10104",
    "AYALON Code": 11076.0,
    "ID": 699.0,
    "רשות מקומית": ",ראשון לציון",
    "רשות תמרור": ",נת\"ע",
    "Mantam": 0,
    "Status": ",קיים",
    "name": ",שדרות דיין משה בסקינד נדב",
    "main street": ",שדרות משה דיין",
    "stree_1": ",נדב בסקינד",
    "stree_2": ",",
    "street_3": ",",
    "street_4": ",",
    "nataz": ",כן",
    "fast2city": ",לא",
    "blue_line": ",לא",
    "red_line": ",לא",
    "green_line": ",כן",
    "purple_line": ",לא",
    "brown_line": ",כן",
    "DAN_BICYCLE": ",לא",
    "no_project": ",לא",
    "Metronit": ",לא",
    "Auth Code": ",",
    "Fast2City Code": ",",
    "DESCRIPTIO": ",שדרות דיין משה בסקינד נדב",
    "Green_Wave_ID": null,
    "תאריך עדכון אחרון": "07/06/2020 00:00",
    "CLUSTER_ID": 646.0,
    "CLUSTER_SIZE": 1.0,
    "layer": "צמתים מרומזרים — TRAFFIC_LIGHT_JNCTN.shp,רמזורי נתיבי איילון- סופי",
    "path": "/vsizip/M:/Tnua/3119/Documents/TR/מיפוי מרכז/GIS/BACKGROUND/צמתים מרומזרים.zip,M:\\Tnua\\3119\\Documents\\TR\\מיפוי מרכז\\GIS\\MERGED\\רמזורי נתיבי איילון- סופי.gpkg|layername=רמזורי נתיבי איילון- סופי",
    "CLUSTER_ID_2": 2370,
    "CLUSTER_SIZE_2": 2,
    "Existing bus lane": 1,
    "Planned bus lane": 0,
    "Interurban bus lane": 0,
    "Additional bus lanes": 0,
    "Metro line": 0,
    "FUNC_min": 43.0,
    "Road Hierachy": "דרך אזורית",
    "Terminals": 0,
    "TUEDEP_sum": 2050.0,
    "Rail-affected intersection": 0,
    "lrt-station affected intersection": 1,
    "LRT- status": null,
    "LRT": 0,
    "metro line station - affected intersection": 0,
    "BRT - status": null,
    "BRT": "0",
    "No. of Bus Lane Directions": 2.0,
    "NODE_ID": 150259.0,
    "node_dist_m": 0.0,
    "entering_volume": 2396.5994485,
    "n_incoming_links": 3.0,
    "nearest_street": "שדרות משה דיין",
    "daily_bus_passes": 2050.0,
    "n_distinct_lines": 58,
    "Rail-affected intersection (network)": 0,
    "lrt-station affected intersection (network)": 1,
    "metro line station - affected intersection (network)": 0,
    "Terminals (network)": 0,
    "score_nataz": 2000,
    "score_metro": 0,
    "score_brt": 0,
    "score_terminal": 0,
    "score_rail": 0,
    "score_lrt": 4000,
    "score_bus_passes": 2050.0,
    "Bus Lane Directions (capped at 2)": 2.0,
    "score_directions": 500.0,
    "score_road": 1800.0,
    "score_entering_volume": 95.86397794,
    "TOTAL_SCORE": 10445.86397794,
    "Vx_neighbors_included": "",
    "brt_line": "חום (שלב א')",
    "junction_name": "שדרות דיין משה בסקינד נדב",
    "streets": "שדרות משה דיין / נדב בסקינד",
    "city_clean": "ראשון לציון",
    "status_clean": "קיים",
    "n_junctions_within_200m": 0,
    "junctions_within_200m_fids": "",
    "nearest_brt_junction_fid": 2430,
    "nearest_brt_junction_dist_m": 205.5
   },
   "geometry": {
    "type": "Point",
    "coordinates": [
     178088.5034,
     654695.1819
    ]
   }
  },
  {
   "type": "Feature",
   "properties": {
    "fid": 2430,
    "DISTRICODE": 4.0,
    "DISTRICT": "מרכז,",
    "X": 178270.9094,
    "Y": 654600.6307,
    "DOMAIN": "עירוני,",
    "JUNCTION": ",",
    "STREETROAD": "חיים ברלב / משה דיין (441),",
    "CITY": "ראשון לציון,",
    "CITYCODE": 8300.0,
    "TRAFAUTH": "נתע,",
    "AUTHCODE": "10104",
    "AYALON Code": 11077.0,
    "ID": 700.0,
    "רשות מקומית": ",ראשון לציון",
    "רשות תמרור": ",נת\"ע",
    "Mantam": 0,
    "Status": ",קיים",
    "name": ",שדרות דיין משה בר-לב חיים",
    "main street": ",שדרות משה דיין",
    "stree_1": ",חיים בר-לב",
    "stree_2": ",",
    "street_3": ",",
    "street_4": ",",
    "nataz": ",כן",
    "fast2city": ",לא",
    "blue_line": ",לא",
    "red_line": ",לא",
    "green_line": ",כן",
    "purple_line": ",לא",
    "brown_line": ",כן",
    "DAN_BICYCLE": ",לא",
    "no_project": ",לא",
    "Metronit": ",לא",
    "Auth Code": ",",
    "Fast2City Code": ",",
    "DESCRIPTIO": ",שדרות דיין משה בר-לב חיים",
    "Green_Wave_ID": null,
    "תאריך עדכון אחרון": "07/06/2020 00:00",
    "CLUSTER_ID": 647.0,
    "CLUSTER_SIZE": 1.0,
    "layer": "צמתים מרומזרים — TRAFFIC_LIGHT_JNCTN.shp,רמזורי נתיבי איילון- סופי",
    "path": "/vsizip/M:/Tnua/3119/Documents/TR/מיפוי מרכז/GIS/BACKGROUND/צמתים מרומזרים.zip,M:\\Tnua\\3119\\Documents\\TR\\מיפוי מרכז\\GIS\\MERGED\\רמזורי נתיבי איילון- סופי.gpkg|layername=רמזורי נתיבי איילון- סופי",
    "CLUSTER_ID_2": 2378,
    "CLUSTER_SIZE_2": 2,
    "Existing bus lane": 1,
    "Planned bus lane": 1,
    "Interurban bus lane": 0,
    "Additional bus lanes": 0,
    "Metro line": 0,
    "FUNC_min": 43.0,
    "Road Hierachy": "דרך אזורית",
    "Terminals": 0,
    "TUEDEP_sum": 1807.0,
    "Rail-affected intersection": 0,
    "lrt-station affected intersection": 0,
    "LRT- status": null,
    "LRT": 0,
    "metro line station - affected intersection": 0,
    "BRT - status": null,
    "BRT": "0",
    "No. of Bus Lane Directions": 4.0,
    "NODE_ID": 152340.0,
    "node_dist_m": 0.0,
    "entering_volume": 2656.4053412000003,
    "n_incoming_links": 3.0,
    "nearest_street": "שדרות משה דיין",
    "daily_bus_passes": 1807.0,
    "n_distinct_lines": 53,
    "Rail-affected intersection (network)": 0,
    "lrt-station affected intersection (network)": 0,
    "metro line station - affected intersection (network)": 0,
    "Terminals (network)": 0,
    "score_nataz": 2000,
    "score_metro": 0,
    "score_brt": 0,
    "score_terminal": 0,
    "score_rail": 0,
    "score_lrt": 0,
    "score_bus_passes": 1807.0,
    "Bus Lane Directions (capped at 2)": 2.0,
    "score_directions": 500.0,
    "score_road": 1800.0,
    "score_entering_volume": 106.25621364800001,
    "TOTAL_SCORE": 6213.256213648,
    "Vx_neighbors_included": "",
    "brt_line": "חום (שלב א')",
    "junction_name": "שדרות דיין משה בר-לב חיים",
    "streets": "שדרות משה דיין / חיים בר-לב",
    "city_clean": "ראשון לציון",
    "status_clean": "קיים",
    "n_junctions_within_200m": 0,
    "junctions_within_200m_fids": "",
    "nearest_brt_junction_fid": 2429,
    "nearest_brt_junction_dist_m": 205.5
   },
   "geometry": {
    "type": "Point",
    "coordinates": [
     178270.9094,
     654600.6307
    ]
   }
  },
  {
   "type": "Feature",
   "properties": {
    "fid": 2431,
    "DISTRICODE": 4.0,
    "DISTRICT": "מרכז,",
    "X": 178572.1472,
    "Y": 654417.67,
    "DOMAIN": "עירוני,",
    "JUNCTION": ",",
    "STREETROAD": "אברהם בר / משה דיין (441),",
    "CITY": "ראשון לציון,",
    "CITYCODE": 8300.0,
    "TRAFAUTH": "נתע,",
    "AUTHCODE": "10104",
    "AYALON Code": 11078.0,
    "ID": 701.0,
    "רשות מקומית": ",ראשון לציון",
    "רשות תמרור": ",ראשון לציון",
    "Mantam": 0,
    "Status": ",קיים",
    "name": ",שדרות דיין משה בר אברהם",
    "main street": ",שדרות משה דיין",
    "stree_1": ",אברהם בר",
    "stree_2": ",",
    "street_3": ",",
    "street_4": ",",
    "nataz": ",כן",
    "fast2city": ",לא",
    "blue_line": ",לא",
    "red_line": ",לא",
    "green_line": ",לא",
    "purple_line": ",לא",
    "brown_line": ",כן",
    "DAN_BICYCLE": ",לא",
    "no_project": ",לא",
    "Metronit": ",לא",
    "Auth Code": ",",
    "Fast2City Code": ",",
    "DESCRIPTIO": ",שדרות דיין משה בר אברהם",
    "Green_Wave_ID": null,
    "תאריך עדכון אחרון": "07/06/2020 00:00",
    "CLUSTER_ID": 648.0,
    "CLUSTER_SIZE": 1.0,
    "layer": "צמתים מרומזרים — TRAFFIC_LIGHT_JNCTN.shp,רמזורי נתיבי איילון- סופי",
    "path": "/vsizip/M:/Tnua/3119/Documents/TR/מיפוי מרכז/GIS/BACKGROUND/צמתים מרומזרים.zip,M:\\Tnua\\3119\\Documents\\TR\\מיפוי מרכז\\GIS\\MERGED\\רמזורי נתיבי איילון- סופי.gpkg|layername=רמזורי נתיבי איילון- סופי",
    "CLUSTER_ID_2": 2380,
    "CLUSTER_SIZE_2": 2,
    "Existing bus lane": 1,
    "Planned bus lane": 0,
    "Interurban bus lane": 0,
    "Additional bus lanes": 0,
    "Metro line": 0,
    "FUNC_min": 43.0,
    "Road Hierachy": "דרך אזורית",
    "Terminals": 0,
    "TUEDEP_sum": 1820.0,
    "Rail-affected intersection": 0,
    "lrt-station affected intersection": 1,
    "LRT- status": null,
    "LRT": 0,
    "metro line station - affected intersection": 0,
    "BRT - status": null,
    "BRT": "0",
    "No. of Bus Lane Directions": 2.0,
    "NODE_ID": 152360.0,
    "node_dist_m": 0.0,
    "entering_volume": 3245.796245,
    "n_incoming_links": 3.0,
    "nearest_street": "שדרות משה דיין",
    "daily_bus_passes": 1820.0,
    "n_distinct_lines": 56,
    "Rail-affected intersection (network)": 0,
    "lrt-station affected intersection (network)": 0,
    "metro line station - affected intersection (network)": 0,
    "Terminals (network)": 0,
    "score_nataz": 2000,
    "score_metro": 0,
    "score_brt": 0,
    "score_terminal": 0,
    "score_rail": 0,
    "score_lrt": 0,
    "score_bus_passes": 1820.0,
    "Bus Lane Directions (capped at 2)": 2.0,
    "score_directions": 500.0,
    "score_road": 1800.0,
    "score_entering_volume": 129.8318498,
    "TOTAL_SCORE": 6249.8318498,
    "Vx_neighbors_included": "FID=2432 (r=121m, score=5459); FID=2358 (r=197m, score=7801)",
    "brt_line": "חום (שלב א')",
    "junction_name": "שדרות דיין משה בר אברהם",
    "streets": "שדרות משה דיין / אברהם בר",
    "city_clean": "ראשון לציון",
    "status_clean": "קיים",
    "n_junctions_within_200m": 0,
    "junctions_within_200m_fids": "",
    "nearest_brt_junction_fid": 2432,
    "nearest_brt_junction_dist_m": 100.2
   },
   "geometry": {
    "type": "Point",
    "coordinates": [
     178572.1472,
     654417.67
    ]
   }
  },
  {
   "type": "Feature",
   "properties": {
    "fid": 2432,
    "DISTRICODE": 4.0,
    "DISTRICT": "מרכז,",
    "X": 178664.4273,
    "Y": 654378.7109,
    "DOMAIN": "עירוני,",
    "JUNCTION": ",",
    "STREETROAD": "אבני חושן / משה דיין (441),",
    "CITY": "ראשון לציון,",
    "CITYCODE": 8300.0,
    "TRAFAUTH": ",",
    "AUTHCODE": null,
    "AYALON Code": 11079.0,
    "ID": 702.0,
    "רשות מקומית": ",ראשון לציון",
    "רשות תמרור": ",ראשון לציון",
    "Mantam": 0,
    "Status": ",קיים",
    "name": ",שדרות דיין משה אבני החושן",
    "main street": ",שדרות משה דיין",
    "stree_1": ",אבני חושן",
    "stree_2": ",",
    "street_3": ",",
    "street_4": ",",
    "nataz": ",כן",
    "fast2city": ",לא",
    "blue_line": ",לא",
    "red_line": ",לא",
    "green_line": ",לא",
    "purple_line": ",לא",
    "brown_line": ",כן",
    "DAN_BICYCLE": ",לא",
    "no_project": ",לא",
    "Metronit": ",לא",
    "Auth Code": ",",
    "Fast2City Code": ",",
    "DESCRIPTIO": ",שדרות דיין משה אבני החושן",
    "Green_Wave_ID": null,
    "תאריך עדכון אחרון": "07/06/2020 00:00",
    "CLUSTER_ID": 649.0,
    "CLUSTER_SIZE": 1.0,
    "layer": "צמתים מרומזרים — TRAFFIC_LIGHT_JNCTN.shp,רמזורי נתיבי איילון- סופי",
    "path": "/vsizip/M:/Tnua/3119/Documents/TR/מיפוי מרכז/GIS/BACKGROUND/צמתים מרומזרים.zip,M:\\Tnua\\3119\\Documents\\TR\\מיפוי מרכז\\GIS\\MERGED\\רמזורי נתיבי איילון- סופי.gpkg|layername=רמזורי נתיבי איילון- סופי",
    "CLUSTER_ID_2": 2263,
    "CLUSTER_SIZE_2": 2,
    "Existing bus lane": 1,
    "Planned bus lane": 0,
    "Interurban bus lane": 0,
    "Additional bus lanes": 0,
    "Metro line": 0,
    "FUNC_min": 43.0,
    "Road Hierachy": "דרך אזורית",
    "Terminals": 0,
    "TUEDEP_sum": 2059.0,
    "Rail-affected intersection": 0,
    "lrt-station affected intersection": 1,
    "LRT- status": null,
    "LRT": 0,
    "metro line station - affected intersection": 0,
    "BRT - status": null,
    "BRT": "0",
    "No. of Bus Lane Directions": 2.0,
    "NODE_ID": 152370.0,
    "node_dist_m": 0.0,
    "entering_volume": 2489.65915,
    "n_incoming_links": 3.0,
    "nearest_street": "אבני החושן",
    "daily_bus_passes": 2059.0,
    "n_distinct_lines": 60,
    "Rail-affected intersection (network)": 0,
    "lrt-station affected intersection (network)": 0,
    "metro line station - affected intersection (network)": 0,
    "Terminals (network)": 0,
    "score_nataz": 2000,
    "score_metro": 0,
    "score_brt": 0,
    "score_terminal": 0,
    "score_rail": 0,
    "score_lrt": 0,
    "score_bus_passes": 2059.0,
    "Bus Lane Directions (capped at 2)": 2.0,
    "score_directions": 500.0,
    "score_road": 1800.0,
    "score_entering_volume": 99.586366,
    "TOTAL_SCORE": 6458.586366,
    "Vx_neighbors_included": "FID=2431 (r=121m, score=5250)",
    "brt_line": "חום (שלב א')",
    "junction_name": "שדרות דיין משה אבני החושן",
    "streets": "שדרות משה דיין / אבני חושן",
    "city_clean": "ראשון לציון",
    "status_clean": "קיים",
    "n_junctions_within_200m": 0,
    "junctions_within_200m_fids": "",
    "nearest_brt_junction_fid": 2431,
    "nearest_brt_junction_dist_m": 100.2
   },
   "geometry": {
    "type": "Point",
    "coordinates": [
     178664.4273,
     654378.7109
    ]
   }
  },
  {
   "type": "Feature",
   "properties": {
    "fid": 2452,
    "DISTRICODE": 4.0,
    "DISTRICT": "מרכז,",
    "X": 179215.8209,
    "Y": 652913.5475,
    "DOMAIN": "עירוני,",
    "JUNCTION": ",",
    "STREETROAD": "התקומה / חומה ומגדל / יצחק רבין,",
    "CITY": "ראשון לציון,",
    "CITYCODE": 8300.0,
    "TRAFAUTH": ",",
    "AUTHCODE": null,
    "AYALON Code": 11099.0,
    "ID": 722.0,
    "רשות מקומית": ",ראשון לציון",
    "רשות תמרור": ",ראשון לציון",
    "Mantam": 0,
    "Status": ",קיים",
    "name": ",שדרות יצחק רבין חומה ומגדל",
    "main street": ",שדרות התקומה",
    "stree_1": ",שדרות יצחק רבין",
    "stree_2": ",חומה ומגדל",
    "street_3": ",ההסתדרות",
    "street_4": ",",
    "nataz": ",לא",
    "fast2city": ",כן",
    "blue_line": ",לא",
    "red_line": ",לא",
    "green_line": ",לא",
    "purple_line": ",לא",
    "brown_line": ",כן",
    "DAN_BICYCLE": ",לא",
    "no_project": ",לא",
    "Metronit": ",לא",
    "Auth Code": ",",
    "Fast2City Code": ",RL08",
    "DESCRIPTIO": ",שדרות יצחק רבין חומה ומגדל",
    "Green_Wave_ID": null,
    "תאריך עדכון אחרון": "07/06/2020 00:00",
    "CLUSTER_ID": 669.0,
    "CLUSTER_SIZE": 1.0,
    "layer": "צמתים מרומזרים — TRAFFIC_LIGHT_JNCTN.shp,רמזורי נתיבי איילון- סופי",
    "path": "/vsizip/M:/Tnua/3119/Documents/TR/מיפוי מרכז/GIS/BACKGROUND/צמתים מרומזרים.zip,M:\\Tnua\\3119\\Documents\\TR\\מיפוי מרכז\\GIS\\MERGED\\רמזורי נתיבי איילון- סופי.gpkg|layername=רמזורי נתיבי איילון- סופי",
    "CLUSTER_ID_2": 2267,
    "CLUSTER_SIZE_2": 2,
    "Existing bus lane": 1,
    "Planned bus lane": 1,
    "Interurban bus lane": 0,
    "Additional bus lanes": 0,
    "Metro line": 0,
    "FUNC_min": 46.0,
    "Road Hierachy": "דרך עורקית",
    "Terminals": 0,
    "TUEDEP_sum": 1271.0,
    "Rail-affected intersection": 0,
    "lrt-station affected intersection": 0,
    "LRT- status": null,
    "LRT": 0,
    "metro line station - affected intersection": 0,
    "BRT - status": null,
    "BRT": "0",
    "No. of Bus Lane Directions": 4.0,
    "NODE_ID": null,
    "node_dist_m": null,
    "entering_volume": null,
    "n_incoming_links": null,
    "nearest_street": null,
    "daily_bus_passes": 1271.0,
    "n_distinct_lines": 41,
    "Rail-affected intersection (network)": 0,
    "lrt-station affected intersection (network)": 0,
    "metro line station - affected intersection (network)": 0,
    "Terminals (network)": 0,
    "score_nataz": 2000,
    "score_metro": 0,
    "score_brt": 0,
    "score_terminal": 0,
    "score_rail": 0,
    "score_lrt": 0,
    "score_bus_passes": 1271.0,
    "Bus Lane Directions (capped at 2)": 2.0,
    "score_directions": 500.0,
    "score_road": 1800.0,
    "score_entering_volume": 0.0,
    "TOTAL_SCORE": 5571.0,
    "Vx_neighbors_included": "FID=2478 (r=129m, score=4622)",
    "brt_line": "חום (שלב א')",
    "junction_name": "שדרות יצחק רבין חומה ומגדל",
    "streets": "שדרות התקומה / שדרות יצחק רבין / חומה ומגדל / ההסתדרות",
    "city_clean": "ראשון לציון",
    "status_clean": "קיים",
    "n_junctions_within_200m": 1,
    "junctions_within_200m_fids": "2478",
    "nearest_brt_junction_fid": 2457,
    "nearest_brt_junction_dist_m": 532.9
   },
   "geometry": {
    "type": "Point",
    "coordinates": [
     179215.8209,
     652913.5475
    ]
   }
  },
  {
   "type": "Feature",
   "properties": {
    "fid": 2456,
    "DISTRICODE": 4.0,
    "DISTRICT": "מרכז,",
    "X": 181466.296,
    "Y": 651294.5869,
    "DOMAIN": "עירוני,",
    "JUNCTION": ",",
    "STREETROAD": "אבי האסירים / הרצל (412) / שדרת תש''ח,",
    "CITY": "ראשון לציון,",
    "CITYCODE": 8300.0,
    "TRAFAUTH": ",",
    "AUTHCODE": null,
    "AYALON Code": 11103.0,
    "ID": 726.0,
    "רשות מקומית": ",ראשון לציון",
    "רשות תמרור": ",ראשון לציון",
    "Mantam": 0,
    "Status": ",קיים",
    "name": ",שדרות תש\"ח הרצל",
    "main street": ",הרצל",
    "stree_1": ",שדרות תש\"ח",
    "stree_2": ",אבי האסירים",
    "street_3": ",",
    "street_4": ",",
    "nataz": ",כן",
    "fast2city": ",לא",
    "blue_line": ",כן",
    "red_line": ",לא",
    "green_line": ",לא",
    "purple_line": ",לא",
    "brown_line": ",לא",
    "DAN_BICYCLE": ",לא",
    "no_project": ",לא",
    "Metronit": ",לא",
    "Auth Code": ",",
    "Fast2City Code": ",RL03",
    "DESCRIPTIO": ",שדרות תש\"ח הרצל",
    "Green_Wave_ID": null,
    "תאריך עדכון אחרון": "07/06/2020 00:00",
    "CLUSTER_ID": 673.0,
    "CLUSTER_SIZE": 1.0,
    "layer": "צמתים מרומזרים — TRAFFIC_LIGHT_JNCTN.shp,רמזורי נתיבי איילון- סופי",
    "path": "/vsizip/M:/Tnua/3119/Documents/TR/מיפוי מרכז/GIS/BACKGROUND/צמתים מרומזרים.zip,M:\\Tnua\\3119\\Documents\\TR\\מיפוי מרכז\\GIS\\MERGED\\רמזורי נתיבי איילון- סופי.gpkg|layername=רמזורי נתיבי איילון- סופי",
    "CLUSTER_ID_2": 2309,
    "CLUSTER_SIZE_2": 2,
    "Existing bus lane": 0,
    "Planned bus lane": 0,
    "Interurban bus lane": 0,
    "Additional bus lanes": 0,
    "Metro line": 1,
    "FUNC_min": 43.0,
    "Road Hierachy": "דרך אזורית",
    "Terminals": 1,
    "TUEDEP_sum": 1440.0,
    "Rail-affected intersection": 1,
    "lrt-station affected intersection": 0,
    "LRT- status": null,
    "LRT": 0,
    "metro line station - affected intersection": 1,
    "BRT - status": null,
    "BRT": "0",
    "No. of Bus Lane Directions": null,
    "NODE_ID": 150033.0,
    "node_dist_m": 0.0,
    "entering_volume": 5772.358347,
    "n_incoming_links": 4.0,
    "nearest_street": "הרצל",
    "daily_bus_passes": 1440.0,
    "n_distinct_lines": 71,
    "Rail-affected intersection (network)": 0,
    "lrt-station affected intersection (network)": 0,
    "metro line station - affected intersection (network)": 1,
    "Terminals (network)": 1,
    "score_nataz": 0,
    "score_metro": 4000,
    "score_brt": 0,
    "score_terminal": 2200,
    "score_rail": 0,
    "score_lrt": 0,
    "score_bus_passes": 1440.0,
    "Bus Lane Directions (capped at 2)": 0.0,
    "score_directions": 0.0,
    "score_road": 1800.0,
    "score_entering_volume": 230.89433388,
    "TOTAL_SCORE": 9670.89433388,
    "Vx_neighbors_included": "",
    "brt_line": "כחול",
    "junction_name": "שדרות תש\"ח הרצל",
    "streets": "הרצל / שדרות תש\"ח / אבי האסירים",
    "city_clean": "ראשון לציון",
    "status_clean": "קיים",
    "n_junctions_within_200m": 0,
    "junctions_within_200m_fids": "",
    "nearest_brt_junction_fid": 2491,
    "nearest_brt_junction_dist_m": 279.3
   },
   "geometry": {
    "type": "Point",
    "coordinates": [
     181466.296,
     651294.5869
    ]
   }
  },
  {
   "type": "Feature",
   "properties": {
    "fid": 2457,
    "DISTRICODE": 4.0,
    "DISTRICT": "מרכז,",
    "X": 179700.2676,
    "Y": 652691.4223,
    "DOMAIN": "עירוני,",
    "JUNCTION": ",",
    "STREETROAD": "גולדה מאיר / רמפה ההסתדרות מערב / רמפה מחלף גן רווה,",
    "CITY": "ראשון לציון,",
    "CITYCODE": 8300.0,
    "TRAFAUTH": ",",
    "AUTHCODE": null,
    "AYALON Code": 11104.0,
    "ID": 727.0,
    "רשות מקומית": ",ראשון לציון",
    "רשות תמרור": ",ראשון לציון",
    "Mantam": 0,
    "Status": ",קיים",
    "name": ",ההסתדרות גולדה מאיר",
    "main street": ",גולדה מאיר",
    "stree_1": ",ההסתדרות",
    "stree_2": ",",
    "street_3": ",",
    "street_4": ",",
    "nataz": ",כן",
    "fast2city": ",כן",
    "blue_line": ",לא",
    "red_line": ",לא",
    "green_line": ",לא",
    "purple_line": ",לא",
    "brown_line": ",כן",
    "DAN_BICYCLE": ",לא",
    "no_project": ",לא",
    "Metronit": ",לא",
    "Auth Code": ",",
    "Fast2City Code": ",RL09",
    "DESCRIPTIO": ",ההסתדרות גולדה מאיר",
    "Green_Wave_ID": null,
    "תאריך עדכון אחרון": "07/06/2020 00:00",
    "CLUSTER_ID": 674.0,
    "CLUSTER_SIZE": 1.0,
    "layer": "צמתים מרומזרים — TRAFFIC_LIGHT_JNCTN.shp,רמזורי נתיבי איילון- סופי",
    "path": "/vsizip/M:/Tnua/3119/Documents/TR/מיפוי מרכז/GIS/BACKGROUND/צמתים מרומזרים.zip,M:\\Tnua\\3119\\Documents\\TR\\מיפוי מרכז\\GIS\\MERGED\\רמזורי נתיבי איילון- סופי.gpkg|layername=רמזורי נתיבי איילון- סופי",
    "CLUSTER_ID_2": 2270,
    "CLUSTER_SIZE_2": 2,
    "Existing bus lane": 1,
    "Planned bus lane": 1,
    "Interurban bus lane": 0,
    "Additional bus lanes": 0,
    "Metro line": 0,
    "FUNC_min": 46.0,
    "Road Hierachy": "דרך עורקית",
    "Terminals": 1,
    "TUEDEP_sum": 1333.0,
    "Rail-affected intersection": 0,
    "lrt-station affected intersection": 0,
    "LRT- status": null,
    "LRT": 0,
    "metro line station - affected intersection": 0,
    "BRT - status": null,
    "BRT": "0",
    "No. of Bus Lane Directions": 3.0,
    "NODE_ID": 152060.0,
    "node_dist_m": 0.0,
    "entering_volume": 2961.401609,
    "n_incoming_links": 4.0,
    "nearest_street": "ההסתדרות",
    "daily_bus_passes": 1333.0,
    "n_distinct_lines": 48,
    "Rail-affected intersection (network)": 0,
    "lrt-station affected intersection (network)": 0,
    "metro line station - affected intersection (network)": 0,
    "Terminals (network)": 0,
    "score_nataz": 2000,
    "score_metro": 0,
    "score_brt": 0,
    "score_terminal": 0,
    "score_rail": 0,
    "score_lrt": 0,
    "score_bus_passes": 1333.0,
    "Bus Lane Directions (capped at 2)": 2.0,
    "score_directions": 500.0,
    "score_road": 1800.0,
    "score_entering_volume": 118.45606436,
    "TOTAL_SCORE": 5751.45606436,
    "Vx_neighbors_included": "",
    "brt_line": "חום (שלב א')",
    "junction_name": "ההסתדרות גולדה מאיר",
    "streets": "גולדה מאיר / ההסתדרות",
    "city_clean": "ראשון לציון",
    "status_clean": "קיים",
    "n_junctions_within_200m": 0,
    "junctions_within_200m_fids": "",
    "nearest_brt_junction_fid": 2452,
    "nearest_brt_junction_dist_m": 532.9
   },
   "geometry": {
    "type": "Point",
    "coordinates": [
     179700.2676,
     652691.4223
    ]
   }
  },
  {
   "type": "Feature",
   "properties": {
    "fid": 2459,
    "DISTRICODE": 4.0,
    "DISTRICT": "מרכז,",
    "X": 181430.1328,
    "Y": 651840.5198,
    "DOMAIN": "עירוני,",
    "JUNCTION": ",",
    "STREETROAD": "הרצל (412) / זאב ז'בוטינסקי (441),",
    "CITY": "ראשון לציון,",
    "CITYCODE": 8300.0,
    "TRAFAUTH": ",",
    "AUTHCODE": null,
    "AYALON Code": 11106.0,
    "ID": 729.0,
    "רשות מקומית": ",ראשון לציון",
    "רשות תמרור": ",ראשון לציון",
    "Mantam": 0,
    "Status": ",קיים",
    "name": ",זבוטינסקי הרצל",
    "main street": ",הרצל",
    "stree_1": ",זבוטינסקי",
    "stree_2": ",",
    "street_3": ",",
    "street_4": ",",
    "nataz": ",כן",
    "fast2city": ",לא",
    "blue_line": ",כן",
    "red_line": ",לא",
    "green_line": ",לא",
    "purple_line": ",לא",
    "brown_line": ",לא",
    "DAN_BICYCLE": ",לא",
    "no_project": ",לא",
    "Metronit": ",לא",
    "Auth Code": ",",
    "Fast2City Code": ",RL01",
    "DESCRIPTIO": ",זבוטינסקי הרצל",
    "Green_Wave_ID": null,
    "תאריך עדכון אחרון": "07/06/2020 00:00",
    "CLUSTER_ID": 676.0,
    "CLUSTER_SIZE": 1.0,
    "layer": "צמתים מרומזרים — TRAFFIC_LIGHT_JNCTN.shp,רמזורי נתיבי איילון- סופי",
    "path": "/vsizip/M:/Tnua/3119/Documents/TR/מיפוי מרכז/GIS/BACKGROUND/צמתים מרומזרים.zip,M:\\Tnua\\3119\\Documents\\TR\\מיפוי מרכז\\GIS\\MERGED\\רמזורי נתיבי איילון- סופי.gpkg|layername=רמזורי נתיבי איילון- סופי",
    "CLUSTER_ID_2": 2312,
    "CLUSTER_SIZE_2": 2,
    "Existing bus lane": 1,
    "Planned bus lane": 1,
    "Interurban bus lane": 0,
    "Additional bus lanes": 0,
    "Metro line": 0,
    "FUNC_min": 43.0,
    "Road Hierachy": "דרך אזורית",
    "Terminals": 0,
    "TUEDEP_sum": 1617.0,
    "Rail-affected intersection": 0,
    "lrt-station affected intersection": 0,
    "LRT- status": null,
    "LRT": 0,
    "metro line station - affected intersection": 0,
    "BRT - status": null,
    "BRT": "0",
    "No. of Bus Lane Directions": 3.0,
    "NODE_ID": 150410.0,
    "node_dist_m": 0.0,
    "entering_volume": 4239.138613,
    "n_incoming_links": 3.0,
    "nearest_street": null,
    "daily_bus_passes": 1617.0,
    "n_distinct_lines": 74,
    "Rail-affected intersection (network)": 0,
    "lrt-station affected intersection (network)": 0,
    "metro line station - affected intersection (network)": 0,
    "Terminals (network)": 0,
    "score_nataz": 2000,
    "score_metro": 0,
    "score_brt": 0,
    "score_terminal": 0,
    "score_rail": 0,
    "score_lrt": 0,
    "score_bus_passes": 1617.0,
    "Bus Lane Directions (capped at 2)": 2.0,
    "score_directions": 500.0,
    "score_road": 1800.0,
    "score_entering_volume": 169.56554452,
    "TOTAL_SCORE": 6086.56554452,
    "Vx_neighbors_included": "FID=2460 (r=192m, score=4628)",
    "brt_line": "כחול",
    "junction_name": "זבוטינסקי הרצל",
    "streets": "הרצל / זבוטינסקי",
    "city_clean": "ראשון לציון",
    "status_clean": "קיים",
    "n_junctions_within_200m": 0,
    "junctions_within_200m_fids": "",
    "nearest_brt_junction_fid": 2460,
    "nearest_brt_junction_dist_m": 184.6
   },
   "geometry": {
    "type": "Point",
    "coordinates": [
     181430.1328,
     651840.5198
    ]
   }
  },
  {
   "type": "Feature",
   "properties": {
    "fid": 2460,
    "DISTRICODE": 4.0,
    "DISTRICT": "מרכז,",
    "X": 181473.3427,
    "Y": 652020.0001,
    "DOMAIN": "עירוני,",
    "JUNCTION": ",",
    "STREETROAD": "אהרון קרון / הרצל (412),",
    "CITY": "ראשון לציון,",
    "CITYCODE": 8300.0,
    "TRAFAUTH": ",",
    "AUTHCODE": null,
    "AYALON Code": 11107.0,
    "ID": 730.0,
    "רשות מקומית": ",ראשון לציון",
    "רשות תמרור": ",ראשון לציון",
    "Mantam": 0,
    "Status": ",קיים",
    "name": ",הרצל קרון אהרון",
    "main street": ",הרצל",
    "stree_1": ",קרון אהרון",
    "stree_2": ",",
    "street_3": ",",
    "street_4": ",",
    "nataz": ",כן",
    "fast2city": ",לא",
    "blue_line": ",כן",
    "red_line": ",לא",
    "green_line": ",לא",
    "purple_line": ",לא",
    "brown_line": ",לא",
    "DAN_BICYCLE": ",לא",
    "no_project": ",לא",
    "Metronit": ",לא",
    "Auth Code": ",",
    "Fast2City Code": ",",
    "DESCRIPTIO": ",הרצל קרון אהרון",
    "Green_Wave_ID": null,
    "תאריך עדכון אחרון": "07/06/2020 00:00",
    "CLUSTER_ID": 677.0,
    "CLUSTER_SIZE": 1.0,
    "layer": "צמתים מרומזרים — TRAFFIC_LIGHT_JNCTN.shp,רמזורי נתיבי איילון- סופי",
    "path": "/vsizip/M:/Tnua/3119/Documents/TR/מיפוי מרכז/GIS/BACKGROUND/צמתים מרומזרים.zip,M:\\Tnua\\3119\\Documents\\TR\\מיפוי מרכז\\GIS\\MERGED\\רמזורי נתיבי איילון- סופי.gpkg|layername=רמזורי נתיבי איילון- סופי",
    "CLUSTER_ID_2": 2314,
    "CLUSTER_SIZE_2": 2,
    "Existing bus lane": 1,
    "Planned bus lane": 0,
    "Interurban bus lane": 0,
    "Additional bus lanes": 0,
    "Metro line": 0,
    "FUNC_min": 43.0,
    "Road Hierachy": "דרך אזורית",
    "Terminals": 0,
    "TUEDEP_sum": 1203.0,
    "Rail-affected intersection": 0,
    "lrt-station affected intersection": 0,
    "LRT- status": null,
    "LRT": 0,
    "metro line station - affected intersection": 0,
    "BRT - status": null,
    "BRT": "0",
    "No. of Bus Lane Directions": 2.0,
    "NODE_ID": 150280.0,
    "node_dist_m": 136.01424047473904,
    "entering_volume": 3121.521454,
    "n_incoming_links": 4.0,
    "nearest_street": null,
    "daily_bus_passes": 1203.0,
    "n_distinct_lines": 58,
    "Rail-affected intersection (network)": 0,
    "lrt-station affected intersection (network)": 0,
    "metro line station - affected intersection (network)": 0,
    "Terminals (network)": 0,
    "score_nataz": 2000,
    "score_metro": 0,
    "score_brt": 0,
    "score_terminal": 0,
    "score_rail": 0,
    "score_lrt": 0,
    "score_bus_passes": 1203.0,
    "Bus Lane Directions (capped at 2)": 2.0,
    "score_directions": 500.0,
    "score_road": 1800.0,
    "score_entering_volume": 124.86085816,
    "TOTAL_SCORE": 5627.86085816,
    "Vx_neighbors_included": "FID=2461 (r=48m, score=4931); FID=2462 (r=145m, score=4729); FID=2459 (r=192m, score=5087)",
    "brt_line": "כחול",
    "junction_name": "הרצל קרון אהרון",
    "streets": "הרצל / קרון אהרון",
    "city_clean": "ראשון לציון",
    "status_clean": "קיים",
    "n_junctions_within_200m": 1,
    "junctions_within_200m_fids": "2391",
    "nearest_brt_junction_fid": 2461,
    "nearest_brt_junction_dist_m": 49.4
   },
   "geometry": {
    "type": "Point",
    "coordinates": [
     181473.3427,
     652020.0001
    ]
   }
  },
  {
   "type": "Feature",
   "properties": {
    "fid": 2461,
    "DISTRICODE": 4.0,
    "DISTRICT": "מרכז,",
    "X": 181482.0319,
    "Y": 652068.6484,
    "DOMAIN": "עירוני,",
    "JUNCTION": ",",
    "STREETROAD": "הרצל (412) / עולי הגרדום,",
    "CITY": "ראשון לציון,",
    "CITYCODE": 8300.0,
    "TRAFAUTH": ",",
    "AUTHCODE": null,
    "AYALON Code": 11108.0,
    "ID": 731.0,
    "רשות מקומית": ",ראשון לציון",
    "רשות תמרור": ",ראשון לציון",
    "Mantam": 0,
    "Status": ",קיים",
    "name": ",הרצל עולי הגרדום",
    "main street": ",הרצל ",
    "stree_1": ",עולי הגרדום",
    "stree_2": ",",
    "street_3": ",",
    "street_4": ",",
    "nataz": ",כן",
    "fast2city": ",לא",
    "blue_line": ",כן",
    "red_line": ",לא",
    "green_line": ",לא",
    "purple_line": ",לא",
    "brown_line": ",לא",
    "DAN_BICYCLE": ",לא",
    "no_project": ",לא",
    "Metronit": ",לא",
    "Auth Code": ",",
    "Fast2City Code": ",",
    "DESCRIPTIO": ",הרצל עולי הגרדום",
    "Green_Wave_ID": null,
    "תאריך עדכון אחרון": "07/06/2020 00:00",
    "CLUSTER_ID": 678.0,
    "CLUSTER_SIZE": 1.0,
    "layer": "צמתים מרומזרים — TRAFFIC_LIGHT_JNCTN.shp,רמזורי נתיבי איילון- סופי",
    "path": "/vsizip/M:/Tnua/3119/Documents/TR/מיפוי מרכז/GIS/BACKGROUND/צמתים מרומזרים.zip,M:\\Tnua\\3119\\Documents\\TR\\מיפוי מרכז\\GIS\\MERGED\\רמזורי נתיבי איילון- סופי.gpkg|layername=רמזורי נתיבי איילון- סופי",
    "CLUSTER_ID_2": 2315,
    "CLUSTER_SIZE_2": 2,
    "Existing bus lane": 1,
    "Planned bus lane": 0,
    "Interurban bus lane": 0,
    "Additional bus lanes": 0,
    "Metro line": 0,
    "FUNC_min": 43.0,
    "Road Hierachy": "דרך אזורית",
    "Terminals": 0,
    "TUEDEP_sum": 1591.0,
    "Rail-affected intersection": 0,
    "lrt-station affected intersection": 0,
    "LRT- status": null,
    "LRT": 0,
    "metro line station - affected intersection": 1,
    "BRT - status": null,
    "BRT": "0",
    "No. of Bus Lane Directions": 2.0,
    "NODE_ID": 150426.0,
    "node_dist_m": 0.0,
    "entering_volume": 1008.55097,
    "n_incoming_links": 2.0,
    "nearest_street": null,
    "daily_bus_passes": 1591.0,
    "n_distinct_lines": 65,
    "Rail-affected intersection (network)": 0,
    "lrt-station affected intersection (network)": 0,
    "metro line station - affected intersection (network)": 0,
    "Terminals (network)": 0,
    "score_nataz": 2000,
    "score_metro": 0,
    "score_brt": 0,
    "score_terminal": 0,
    "score_rail": 0,
    "score_lrt": 0,
    "score_bus_passes": 1591.0,
    "Bus Lane Directions (capped at 2)": 2.0,
    "score_directions": 500.0,
    "score_road": 1800.0,
    "score_entering_volume": 40.3420388,
    "TOTAL_SCORE": 5931.3420388,
    "Vx_neighbors_included": "FID=2460 (r=48m, score=4628); FID=2462 (r=96m, score=4729); FID=2391 (r=191m, score=7659)",
    "brt_line": "כחול",
    "junction_name": "הרצל עולי הגרדום",
    "streets": "הרצל / עולי הגרדום",
    "city_clean": "ראשון לציון",
    "status_clean": "קיים",
    "n_junctions_within_200m": 1,
    "junctions_within_200m_fids": "2391",
    "nearest_brt_junction_fid": 2460,
    "nearest_brt_junction_dist_m": 49.4
   },
   "geometry": {
    "type": "Point",
    "coordinates": [
     181482.0319,
     652068.6484
    ]
   }
  },
  {
   "type": "Feature",
   "properties": {
    "fid": 2462,
    "DISTRICODE": 4.0,
    "DISTRICT": "מרכז,",
    "X": 181506.03,
    "Y": 652166.5856,
    "DOMAIN": "עירוני,",
    "JUNCTION": ",",
    "STREETROAD": "הכרמל / הרצל (412),",
    "CITY": "ראשון לציון,",
    "CITYCODE": 8300.0,
    "TRAFAUTH": ",",
    "AUTHCODE": null,
    "AYALON Code": 11109.0,
    "ID": 732.0,
    "רשות מקומית": ",ראשון לציון",
    "רשות תמרור": ",ראשון לציון",
    "Mantam": 0,
    "Status": ",קיים",
    "name": ",הרצל הכרמל",
    "main street": ",הרצל",
    "stree_1": ",הכרמל",
    "stree_2": ",",
    "street_3": ",",
    "street_4": ",",
    "nataz": ",כן",
    "fast2city": ",לא",
    "blue_line": ",כן",
    "red_line": ",לא",
    "green_line": ",לא",
    "purple_line": ",לא",
    "brown_line": ",כן",
    "DAN_BICYCLE": ",לא",
    "no_project": ",לא",
    "Metronit": ",לא",
    "Auth Code": ",",
    "Fast2City Code": ",",
    "DESCRIPTIO": ",הרצל הכרמל",
    "Green_Wave_ID": null,
    "תאריך עדכון אחרון": "07/06/2020 00:00",
    "CLUSTER_ID": 679.0,
    "CLUSTER_SIZE": 1.0,
    "layer": "צמתים מרומזרים — TRAFFIC_LIGHT_JNCTN.shp,רמזורי נתיבי איילון- סופי",
    "path": "/vsizip/M:/Tnua/3119/Documents/TR/מיפוי מרכז/GIS/BACKGROUND/צמתים מרומזרים.zip,M:\\Tnua\\3119\\Documents\\TR\\מיפוי מרכז\\GIS\\MERGED\\רמזורי נתיבי איילון- סופי.gpkg|layername=רמזורי נתיבי איילון- סופי",
    "CLUSTER_ID_2": 2316,
    "CLUSTER_SIZE_2": 2,
    "Existing bus lane": 1,
    "Planned bus lane": 1,
    "Interurban bus lane": 0,
    "Additional bus lanes": 0,
    "Metro line": 0,
    "FUNC_min": 43.0,
    "Road Hierachy": "דרך אזורית",
    "Terminals": 0,
    "TUEDEP_sum": 1316.0,
    "Rail-affected intersection": 0,
    "lrt-station affected intersection": 0,
    "LRT- status": null,
    "LRT": 0,
    "metro line station - affected intersection": 1,
    "BRT - status": null,
    "BRT": "0",
    "No. of Bus Lane Directions": 3.0,
    "NODE_ID": 150289.0,
    "node_dist_m": 0.0,
    "entering_volume": 2821.256304,
    "n_incoming_links": 3.0,
    "nearest_street": null,
    "daily_bus_passes": 1316.0,
    "n_distinct_lines": 58,
    "Rail-affected intersection (network)": 0,
    "lrt-station affected intersection (network)": 0,
    "metro line station - affected intersection (network)": 0,
    "Terminals (network)": 0,
    "score_nataz": 2000,
    "score_metro": 0,
    "score_brt": 0,
    "score_terminal": 0,
    "score_rail": 0,
    "score_lrt": 0,
    "score_bus_passes": 1316.0,
    "Bus Lane Directions (capped at 2)": 2.0,
    "score_directions": 500.0,
    "score_road": 1800.0,
    "score_entering_volume": 112.85025216,
    "TOTAL_SCORE": 5728.85025216,
    "Vx_neighbors_included": "FID=2461 (r=96m, score=4931); FID=2460 (r=145m, score=4628)",
    "brt_line": "כחול + חום",
    "junction_name": "הרצל הכרמל",
    "streets": "הרצל / הכרמל",
    "city_clean": "ראשון לציון",
    "status_clean": "קיים",
    "n_junctions_within_200m": 0,
    "junctions_within_200m_fids": "",
    "nearest_brt_junction_fid": 2461,
    "nearest_brt_junction_dist_m": 100.8
   },
   "geometry": {
    "type": "Point",
    "coordinates": [
     181506.03,
     652166.5856
    ]
   }
  },
  {
   "type": "Feature",
   "properties": {
    "fid": 2463,
    "DISTRICODE": null,
    "DISTRICT": null,
    "X": 181498.9746,
    "Y": 652395.2106,
    "DOMAIN": null,
    "JUNCTION": null,
    "STREETROAD": null,
    "CITY": null,
    "CITYCODE": null,
    "TRAFAUTH": null,
    "AUTHCODE": null,
    "AYALON Code": 11110.0,
    "ID": 733.0,
    "רשות מקומית": "ראשון לציון",
    "רשות תמרור": "ראשון לציון",
    "Mantam": 0,
    "Status": "קיים",
    "name": "הרצל רוטשילד",
    "main street": "הרצל",
    "stree_1": "רוטשילד",
    "stree_2": null,
    "street_3": null,
    "street_4": null,
    "nataz": "כן",
    "fast2city": "לא",
    "blue_line": "כן",
    "red_line": "לא",
    "green_line": "לא",
    "purple_line": "לא",
    "brown_line": "כן",
    "DAN_BICYCLE": "לא",
    "no_project": "לא",
    "Metronit": "לא",
    "Auth Code": null,
    "Fast2City Code": null,
    "DESCRIPTIO": "הרצל רוטשילד",
    "Green_Wave_ID": null,
    "תאריך עדכון אחרון": "07/06/2020 00:00",
    "CLUSTER_ID": 680.0,
    "CLUSTER_SIZE": 1.0,
    "layer": "רמזורי נתיבי איילון- סופי",
    "path": "M:\\Tnua\\3119\\Documents\\TR\\מיפוי מרכז\\GIS\\MERGED\\רמזורי נתיבי איילון- סופי.gpkg|layername=רמזורי נתיבי איילון- סופי",
    "CLUSTER_ID_2": 3292,
    "CLUSTER_SIZE_2": 1,
    "Existing bus lane": 1,
    "Planned bus lane": 0,
    "Interurban bus lane": 0,
    "Additional bus lanes": 0,
    "Metro line": 0,
    "FUNC_min": 43.0,
    "Road Hierachy": "דרך אזורית",
    "Terminals": 0,
    "TUEDEP_sum": 2045.0,
    "Rail-affected intersection": 0,
    "lrt-station affected intersection": 0,
    "LRT- status": null,
    "LRT": 0,
    "metro line station - affected intersection": 1,
    "BRT - status": null,
    "BRT": "0",
    "No. of Bus Lane Directions": 4.0,
    "NODE_ID": 150130.0,
    "node_dist_m": 0.0,
    "entering_volume": 1145.990237,
    "n_incoming_links": 3.0,
    "nearest_street": null,
    "daily_bus_passes": 2045.0,
    "n_distinct_lines": 74,
    "Rail-affected intersection (network)": 0,
    "lrt-station affected intersection (network)": 0,
    "metro line station - affected intersection (network)": 1,
    "Terminals (network)": 0,
    "score_nataz": 2000,
    "score_metro": 4000,
    "score_brt": 0,
    "score_terminal": 0,
    "score_rail": 0,
    "score_lrt": 0,
    "score_bus_passes": 2045.0,
    "Bus Lane Directions (capped at 2)": 2.0,
    "score_directions": 500.0,
    "score_road": 1800.0,
    "score_entering_volume": 45.83960948,
    "TOTAL_SCORE": 10390.83960948,
    "Vx_neighbors_included": "",
    "brt_line": "כחול + חום",
    "junction_name": "הרצל רוטשילד",
    "streets": "הרצל / רוטשילד",
    "city_clean": "ראשון לציון",
    "status_clean": "קיים",
    "n_junctions_within_200m": 0,
    "junctions_within_200m_fids": "",
    "nearest_brt_junction_fid": 2464,
    "nearest_brt_junction_dist_m": 208.1
   },
   "geometry": {
    "type": "Point",
    "coordinates": [
     181498.9746,
     652395.2106
    ]
   }
  },
  {
   "type": "Feature",
   "properties": {
    "fid": 2464,
    "DISTRICODE": 4.0,
    "DISTRICT": "מרכז,",
    "X": 181495.9311,
    "Y": 652603.3066,
    "DOMAIN": "עירוני,",
    "JUNCTION": ",",
    "STREETROAD": "הרצל (412) / עין הקורא,",
    "CITY": "ראשון לציון,",
    "CITYCODE": 8300.0,
    "TRAFAUTH": ",",
    "AUTHCODE": null,
    "AYALON Code": 11111.0,
    "ID": 734.0,
    "רשות מקומית": ",ראשון לציון",
    "רשות תמרור": ",ראשון לציון",
    "Mantam": 0,
    "Status": ",קיים",
    "name": ",הרצל עין הקורא",
    "main street": ",הרצל",
    "stree_1": ",עין הקורא",
    "stree_2": ",",
    "street_3": ",",
    "street_4": ",",
    "nataz": ",כן",
    "fast2city": ",לא",
    "blue_line": ",כן",
    "red_line": ",לא",
    "green_line": ",לא",
    "purple_line": ",לא",
    "brown_line": ",לא",
    "DAN_BICYCLE": ",לא",
    "no_project": ",לא",
    "Metronit": ",לא",
    "Auth Code": ",",
    "Fast2City Code": ",",
    "DESCRIPTIO": ",הרצל עין הקורא",
    "Green_Wave_ID": null,
    "תאריך עדכון אחרון": "07/06/2020 00:00",
    "CLUSTER_ID": 681.0,
    "CLUSTER_SIZE": 1.0,
    "layer": "צמתים מרומזרים — TRAFFIC_LIGHT_JNCTN.shp,רמזורי נתיבי איילון- סופי",
    "path": "/vsizip/M:/Tnua/3119/Documents/TR/מיפוי מרכז/GIS/BACKGROUND/צמתים מרומזרים.zip,M:\\Tnua\\3119\\Documents\\TR\\מיפוי מרכז\\GIS\\MERGED\\רמזורי נתיבי איילון- סופי.gpkg|layername=רמזורי נתיבי איילון- סופי",
    "CLUSTER_ID_2": 2325,
    "CLUSTER_SIZE_2": 2,
    "Existing bus lane": 1,
    "Planned bus lane": 0,
    "Interurban bus lane": 0,
    "Additional bus lanes": 0,
    "Metro line": 0,
    "FUNC_min": 43.0,
    "Road Hierachy": "דרך אזורית",
    "Terminals": 0,
    "TUEDEP_sum": 1964.0,
    "Rail-affected intersection": 0,
    "lrt-station affected intersection": 0,
    "LRT- status": null,
    "LRT": 0,
    "metro line station - affected intersection": 1,
    "BRT - status": null,
    "BRT": "0",
    "No. of Bus Lane Directions": 2.0,
    "NODE_ID": 150293.0,
    "node_dist_m": 0.0,
    "entering_volume": 770.896912,
    "n_incoming_links": 2.0,
    "nearest_street": "עין הקורא",
    "daily_bus_passes": 1964.0,
    "n_distinct_lines": 75,
    "Rail-affected intersection (network)": 0,
    "lrt-station affected intersection (network)": 0,
    "metro line station - affected intersection (network)": 1,
    "Terminals (network)": 0,
    "score_nataz": 2000,
    "score_metro": 4000,
    "score_brt": 0,
    "score_terminal": 0,
    "score_rail": 0,
    "score_lrt": 0,
    "score_bus_passes": 1964.0,
    "Bus Lane Directions (capped at 2)": 2.0,
    "score_directions": 500.0,
    "score_road": 1800.0,
    "score_entering_volume": 30.83587648,
    "TOTAL_SCORE": 10294.83587648,
    "Vx_neighbors_included": "FID=2465 (r=117m, score=8909)",
    "brt_line": "כחול",
    "junction_name": "הרצל עין הקורא",
    "streets": "הרצל / עין הקורא",
    "city_clean": "ראשון לציון",
    "status_clean": "קיים",
    "n_junctions_within_200m": 0,
    "junctions_within_200m_fids": "",
    "nearest_brt_junction_fid": 2465,
    "nearest_brt_junction_dist_m": 94.7
   },
   "geometry": {
    "type": "Point",
    "coordinates": [
     181495.9311,
     652603.3066
    ]
   }
  },
  {
   "type": "Feature",
   "properties": {
    "fid": 2465,
    "DISTRICODE": 4.0,
    "DISTRICT": "מרכז,",
    "X": 181484.4641,
    "Y": 652697.2728,
    "DOMAIN": "עירוני,",
    "JUNCTION": ",",
    "STREETROAD": "הרצל (412) / תרמ''ב,",
    "CITY": "ראשון לציון,",
    "CITYCODE": 8300.0,
    "TRAFAUTH": ",",
    "AUTHCODE": null,
    "AYALON Code": 11112.0,
    "ID": 735.0,
    "רשות מקומית": ",ראשון לציון",
    "רשות תמרור": ",ראשון לציון",
    "Mantam": 0,
    "Status": ",קיים",
    "name": ",הרצל תרמ\"ב",
    "main street": ",הרצל",
    "stree_1": ",תרמ\"ב",
    "stree_2": ",",
    "street_3": ",",
    "street_4": ",",
    "nataz": ",כן",
    "fast2city": ",לא",
    "blue_line": ",כן",
    "red_line": ",לא",
    "green_line": ",לא",
    "purple_line": ",לא",
    "brown_line": ",לא",
    "DAN_BICYCLE": ",לא",
    "no_project": ",לא",
    "Metronit": ",לא",
    "Auth Code": ",",
    "Fast2City Code": ",",
    "DESCRIPTIO": ",הרצל תרמ\"ב",
    "Green_Wave_ID": null,
    "תאריך עדכון אחרון": "07/06/2020 00:00",
    "CLUSTER_ID": 682.0,
    "CLUSTER_SIZE": 1.0,
    "layer": "צמתים מרומזרים — TRAFFIC_LIGHT_JNCTN.shp,רמזורי נתיבי איילון- סופי",
    "path": "/vsizip/M:/Tnua/3119/Documents/TR/מיפוי מרכז/GIS/BACKGROUND/צמתים מרומזרים.zip,M:\\Tnua\\3119\\Documents\\TR\\מיפוי מרכז\\GIS\\MERGED\\רמזורי נתיבי איילון- סופי.gpkg|layername=רמזורי נתיבי איילון- סופי",
    "CLUSTER_ID_2": 2326,
    "CLUSTER_SIZE_2": 2,
    "Existing bus lane": 1,
    "Planned bus lane": 0,
    "Interurban bus lane": 0,
    "Additional bus lanes": 0,
    "Metro line": 0,
    "FUNC_min": 43.0,
    "Road Hierachy": "דרך אזורית",
    "Terminals": 0,
    "TUEDEP_sum": 1580.0,
    "Rail-affected intersection": 0,
    "lrt-station affected intersection": 0,
    "LRT- status": null,
    "LRT": 0,
    "metro line station - affected intersection": 1,
    "BRT - status": null,
    "BRT": "0",
    "No. of Bus Lane Directions": 4.0,
    "NODE_ID": 150292.0,
    "node_dist_m": 0.0,
    "entering_volume": 723.522366,
    "n_incoming_links": 1.0,
    "nearest_street": "תרמ\"ב",
    "daily_bus_passes": 1580.0,
    "n_distinct_lines": 64,
    "Rail-affected intersection (network)": 0,
    "lrt-station affected intersection (network)": 0,
    "metro line station - affected intersection (network)": 1,
    "Terminals (network)": 0,
    "score_nataz": 2000,
    "score_metro": 4000,
    "score_brt": 0,
    "score_terminal": 0,
    "score_rail": 0,
    "score_lrt": 0,
    "score_bus_passes": 1580.0,
    "Bus Lane Directions (capped at 2)": 2.0,
    "score_directions": 500.0,
    "score_road": 1800.0,
    "score_entering_volume": 28.94089464,
    "TOTAL_SCORE": 9908.94089464,
    "Vx_neighbors_included": "FID=2464 (r=117m, score=9295)",
    "brt_line": "כחול",
    "junction_name": "הרצל תרמ\"ב",
    "streets": "הרצל / תרמ\"ב",
    "city_clean": "ראשון לציון",
    "status_clean": "קיים",
    "n_junctions_within_200m": 0,
    "junctions_within_200m_fids": "",
    "nearest_brt_junction_fid": 2464,
    "nearest_brt_junction_dist_m": 94.7
   },
   "geometry": {
    "type": "Point",
    "coordinates": [
     181484.4641,
     652697.2728
    ]
   }
  },
  {
   "type": "Feature",
   "properties": {
    "fid": 2466,
    "DISTRICODE": 4.0,
    "DISTRICT": "מרכז,",
    "X": 181581.1607,
    "Y": 652873.4501,
    "DOMAIN": "עירוני,",
    "JUNCTION": ",",
    "STREETROAD": "אוסישקין / הרצל (412),",
    "CITY": "ראשון לציון,",
    "CITYCODE": 8300.0,
    "TRAFAUTH": ",",
    "AUTHCODE": null,
    "AYALON Code": 11113.0,
    "ID": 736.0,
    "רשות מקומית": ",ראשון לציון",
    "רשות תמרור": ",ראשון לציון",
    "Mantam": 0,
    "Status": ",קיים",
    "name": ",הרצל אוסישקין",
    "main street": ",הרצל ",
    "stree_1": ",אוסישקין",
    "stree_2": ",",
    "street_3": ",",
    "street_4": ",",
    "nataz": ",כן",
    "fast2city": ",לא",
    "blue_line": ",כן",
    "red_line": ",לא",
    "green_line": ",לא",
    "purple_line": ",לא",
    "brown_line": ",לא",
    "DAN_BICYCLE": ",לא",
    "no_project": ",לא",
    "Metronit": ",לא",
    "Auth Code": ",",
    "Fast2City Code": ",",
    "DESCRIPTIO": ",הרצל אוסישקין",
    "Green_Wave_ID": null,
    "תאריך עדכון אחרון": "07/06/2020 00:00",
    "CLUSTER_ID": 683.0,
    "CLUSTER_SIZE": 1.0,
    "layer": "צמתים מרומזרים — TRAFFIC_LIGHT_JNCTN.shp,רמזורי נתיבי איילון- סופי",
    "path": "/vsizip/M:/Tnua/3119/Documents/TR/מיפוי מרכז/GIS/BACKGROUND/צמתים מרומזרים.zip,M:\\Tnua\\3119\\Documents\\TR\\מיפוי מרכז\\GIS\\MERGED\\רמזורי נתיבי איילון- סופי.gpkg|layername=רמזורי נתיבי איילון- סופי",
    "CLUSTER_ID_2": 2327,
    "CLUSTER_SIZE_2": 2,
    "Existing bus lane": 1,
    "Planned bus lane": 0,
    "Interurban bus lane": 0,
    "Additional bus lanes": 0,
    "Metro line": 0,
    "FUNC_min": 43.0,
    "Road Hierachy": "דרך אזורית",
    "Terminals": 0,
    "TUEDEP_sum": 1168.0,
    "Rail-affected intersection": 0,
    "lrt-station affected intersection": 0,
    "LRT- status": null,
    "LRT": 0,
    "metro line station - affected intersection": 0,
    "BRT - status": null,
    "BRT": "0",
    "No. of Bus Lane Directions": 2.0,
    "NODE_ID": 150010.0,
    "node_dist_m": 134.05381289478822,
    "entering_volume": 2273.594597,
    "n_incoming_links": 3.0,
    "nearest_street": "הרב הרצוג",
    "daily_bus_passes": 1168.0,
    "n_distinct_lines": 54,
    "Rail-affected intersection (network)": 0,
    "lrt-station affected intersection (network)": 0,
    "metro line station - affected intersection (network)": 0,
    "Terminals (network)": 0,
    "score_nataz": 2000,
    "score_metro": 0,
    "score_brt": 0,
    "score_terminal": 0,
    "score_rail": 0,
    "score_lrt": 0,
    "score_bus_passes": 1168.0,
    "Bus Lane Directions (capped at 2)": 2.0,
    "score_directions": 500.0,
    "score_road": 1800.0,
    "score_entering_volume": 90.94378388000001,
    "TOTAL_SCORE": 5558.94378388,
    "Vx_neighbors_included": "FID=2467 (r=113m, score=4540)",
    "brt_line": "כחול",
    "junction_name": "הרצל אוסישקין",
    "streets": "הרצל / אוסישקין",
    "city_clean": "ראשון לציון",
    "status_clean": "קיים",
    "n_junctions_within_200m": 0,
    "junctions_within_200m_fids": "",
    "nearest_brt_junction_fid": 2467,
    "nearest_brt_junction_dist_m": 115.9
   },
   "geometry": {
    "type": "Point",
    "coordinates": [
     181581.1607,
     652873.4501
    ]
   }
  },
  {
   "type": "Feature",
   "properties": {
    "fid": 2467,
    "DISTRICODE": 4.0,
    "DISTRICT": "מרכז,",
    "X": 181647.2111,
    "Y": 652968.6813,
    "DOMAIN": "עירוני,",
    "JUNCTION": ",",
    "STREETROAD": "הרצל (412) / וייצמן / מוהליבר,",
    "CITY": "ראשון לציון,",
    "CITYCODE": 8300.0,
    "TRAFAUTH": ",",
    "AUTHCODE": null,
    "AYALON Code": 11114.0,
    "ID": 737.0,
    "רשות מקומית": ",ראשון לציון",
    "רשות תמרור": ",ראשון לציון",
    "Mantam": 0,
    "Status": ",קיים",
    "name": ",הרצל מוהליבר",
    "main street": ",הרצל",
    "stree_1": ",מוהליבר",
    "stree_2": ",ויצמן",
    "street_3": ",",
    "street_4": ",",
    "nataz": ",כן",
    "fast2city": ",לא",
    "blue_line": ",כן",
    "red_line": ",לא",
    "green_line": ",לא",
    "purple_line": ",לא",
    "brown_line": ",לא",
    "DAN_BICYCLE": ",לא",
    "no_project": ",לא",
    "Metronit": ",לא",
    "Auth Code": ",",
    "Fast2City Code": ",",
    "DESCRIPTIO": ",הרצל מוהליבר",
    "Green_Wave_ID": null,
    "תאריך עדכון אחרון": "07/06/2020 00:00",
    "CLUSTER_ID": 684.0,
    "CLUSTER_SIZE": 1.0,
    "layer": "צמתים מרומזרים — TRAFFIC_LIGHT_JNCTN.shp,רמזורי נתיבי איילון- סופי",
    "path": "/vsizip/M:/Tnua/3119/Documents/TR/מיפוי מרכז/GIS/BACKGROUND/צמתים מרומזרים.zip,M:\\Tnua\\3119\\Documents\\TR\\מיפוי מרכז\\GIS\\MERGED\\רמזורי נתיבי איילון- סופי.gpkg|layername=רמזורי נתיבי איילון- סופי",
    "CLUSTER_ID_2": 2329,
    "CLUSTER_SIZE_2": 2,
    "Existing bus lane": 1,
    "Planned bus lane": 0,
    "Interurban bus lane": 0,
    "Additional bus lanes": 0,
    "Metro line": 0,
    "FUNC_min": 43.0,
    "Road Hierachy": "דרך אזורית",
    "Terminals": 0,
    "TUEDEP_sum": 1169.0,
    "Rail-affected intersection": 0,
    "lrt-station affected intersection": 0,
    "LRT- status": null,
    "LRT": 0,
    "metro line station - affected intersection": 0,
    "BRT - status": null,
    "BRT": "0",
    "No. of Bus Lane Directions": 2.0,
    "NODE_ID": 150095.0,
    "node_dist_m": 0.0,
    "entering_volume": 1773.41357,
    "n_incoming_links": 3.0,
    "nearest_street": null,
    "daily_bus_passes": 1169.0,
    "n_distinct_lines": 55,
    "Rail-affected intersection (network)": 0,
    "lrt-station affected intersection (network)": 0,
    "metro line station - affected intersection (network)": 0,
    "Terminals (network)": 0,
    "score_nataz": 2000,
    "score_metro": 0,
    "score_brt": 0,
    "score_terminal": 0,
    "score_rail": 0,
    "score_lrt": 0,
    "score_bus_passes": 1169.0,
    "Bus Lane Directions (capped at 2)": 2.0,
    "score_directions": 500.0,
    "score_road": 1800.0,
    "score_entering_volume": 70.9365428,
    "TOTAL_SCORE": 5539.9365428,
    "Vx_neighbors_included": "FID=2466 (r=113m, score=4559); FID=2468 (r=196m, score=4516)",
    "brt_line": "כחול",
    "junction_name": "הרצל מוהליבר",
    "streets": "הרצל / מוהליבר / ויצמן",
    "city_clean": "ראשון לציון",
    "status_clean": "קיים",
    "n_junctions_within_200m": 0,
    "junctions_within_200m_fids": "",
    "nearest_brt_junction_fid": 2466,
    "nearest_brt_junction_dist_m": 115.9
   },
   "geometry": {
    "type": "Point",
    "coordinates": [
     181647.2111,
     652968.6813
    ]
   }
  },
  {
   "type": "Feature",
   "properties": {
    "fid": 2468,
    "DISTRICODE": 4.0,
    "DISTRICT": "מרכז,",
    "X": 181751.7581,
    "Y": 653121.9878,
    "DOMAIN": "עירוני,",
    "JUNCTION": ",",
    "STREETROAD": "הרצל (412) / קרן קיימת לישראל,",
    "CITY": "ראשון לציון,",
    "CITYCODE": 8300.0,
    "TRAFAUTH": ",",
    "AUTHCODE": null,
    "AYALON Code": 11115.0,
    "ID": 738.0,
    "רשות מקומית": ",ראשון לציון",
    "רשות תמרור": ",ראשון לציון",
    "Mantam": 0,
    "Status": ",קיים",
    "name": ",הרצל קרן קימת לישראל",
    "main street": ",הרצל",
    "stree_1": ",קרן קימת לישראל",
    "stree_2": ",",
    "street_3": ",",
    "street_4": ",",
    "nataz": ",כן",
    "fast2city": ",לא",
    "blue_line": ",כן",
    "red_line": ",לא",
    "green_line": ",לא",
    "purple_line": ",לא",
    "brown_line": ",לא",
    "DAN_BICYCLE": ",לא",
    "no_project": ",לא",
    "Metronit": ",לא",
    "Auth Code": ",",
    "Fast2City Code": ",",
    "DESCRIPTIO": ",הרצל קרן קימת לישראל",
    "Green_Wave_ID": null,
    "תאריך עדכון אחרון": "07/06/2020 00:00",
    "CLUSTER_ID": 685.0,
    "CLUSTER_SIZE": 1.0,
    "layer": "צמתים מרומזרים — TRAFFIC_LIGHT_JNCTN.shp,רמזורי נתיבי איילון- סופי",
    "path": "/vsizip/M:/Tnua/3119/Documents/TR/מיפוי מרכז/GIS/BACKGROUND/צמתים מרומזרים.zip,M:\\Tnua\\3119\\Documents\\TR\\מיפוי מרכז\\GIS\\MERGED\\רמזורי נתיבי איילון- סופי.gpkg|layername=רמזורי נתיבי איילון- סופי",
    "CLUSTER_ID_2": 2331,
    "CLUSTER_SIZE_2": 2,
    "Existing bus lane": 1,
    "Planned bus lane": 0,
    "Interurban bus lane": 0,
    "Additional bus lanes": 0,
    "Metro line": 0,
    "FUNC_min": 43.0,
    "Road Hierachy": "דרך אזורית",
    "Terminals": 0,
    "TUEDEP_sum": 1169.0,
    "Rail-affected intersection": 0,
    "lrt-station affected intersection": 0,
    "LRT- status": null,
    "LRT": 0,
    "metro line station - affected intersection": 0,
    "BRT - status": null,
    "BRT": "0",
    "No. of Bus Lane Directions": 2.0,
    "NODE_ID": 150441.0,
    "node_dist_m": 0.0,
    "entering_volume": 1178.6801983,
    "n_incoming_links": 3.0,
    "nearest_street": "הרצל",
    "daily_bus_passes": 1169.0,
    "n_distinct_lines": 55,
    "Rail-affected intersection (network)": 0,
    "lrt-station affected intersection (network)": 0,
    "metro line station - affected intersection (network)": 0,
    "Terminals (network)": 0,
    "score_nataz": 2000,
    "score_metro": 0,
    "score_brt": 0,
    "score_terminal": 0,
    "score_rail": 0,
    "score_lrt": 0,
    "score_bus_passes": 1169.0,
    "Bus Lane Directions (capped at 2)": 2.0,
    "score_directions": 500.0,
    "score_road": 1800.0,
    "score_entering_volume": 47.147207932,
    "TOTAL_SCORE": 5516.147207932,
    "Vx_neighbors_included": "FID=2467 (r=196m, score=4540)",
    "brt_line": "כחול",
    "junction_name": "הרצל קרן קימת לישראל",
    "streets": "הרצל / קרן קימת לישראל",
    "city_clean": "ראשון לציון",
    "status_clean": "קיים",
    "n_junctions_within_200m": 0,
    "junctions_within_200m_fids": "",
    "nearest_brt_junction_fid": 2467,
    "nearest_brt_junction_dist_m": 185.6
   },
   "geometry": {
    "type": "Point",
    "coordinates": [
     181751.7581,
     653121.9878
    ]
   }
  },
  {
   "type": "Feature",
   "properties": {
    "fid": 2469,
    "DISTRICODE": 4.0,
    "DISTRICT": "מרכז,",
    "X": 181841.1207,
    "Y": 653336.6734,
    "DOMAIN": "עירוני,",
    "JUNCTION": ",",
    "STREETROAD": "הרצל (412) / צבי פרנק,",
    "CITY": "ראשון לציון,",
    "CITYCODE": 8300.0,
    "TRAFAUTH": ",",
    "AUTHCODE": null,
    "AYALON Code": 11116.0,
    "ID": 739.0,
    "רשות מקומית": ",ראשון לציון",
    "רשות תמרור": ",ראשון לציון",
    "Mantam": 0,
    "Status": ",קיים",
    "name": ",הרצל פרנק צבי",
    "main street": ",הרצל ",
    "stree_1": ",צבי פרנק",
    "stree_2": ",",
    "street_3": ",",
    "street_4": ",",
    "nataz": ",כן",
    "fast2city": ",לא",
    "blue_line": ",כן",
    "red_line": ",לא",
    "green_line": ",לא",
    "purple_line": ",לא",
    "brown_line": ",לא",
    "DAN_BICYCLE": ",לא",
    "no_project": ",לא",
    "Metronit": ",לא",
    "Auth Code": ",",
    "Fast2City Code": ",",
    "DESCRIPTIO": ",הרצל פרנק צבי",
    "Green_Wave_ID": null,
    "תאריך עדכון אחרון": "07/06/2020 00:00",
    "CLUSTER_ID": 686.0,
    "CLUSTER_SIZE": 1.0,
    "layer": "צמתים מרומזרים — TRAFFIC_LIGHT_JNCTN.shp,רמזורי נתיבי איילון- סופי",
    "path": "/vsizip/M:/Tnua/3119/Documents/TR/מיפוי מרכז/GIS/BACKGROUND/צמתים מרומזרים.zip,M:\\Tnua\\3119\\Documents\\TR\\מיפוי מרכז\\GIS\\MERGED\\רמזורי נתיבי איילון- סופי.gpkg|layername=רמזורי נתיבי איילון- סופי",
    "CLUSTER_ID_2": 2332,
    "CLUSTER_SIZE_2": 2,
    "Existing bus lane": 1,
    "Planned bus lane": 1,
    "Interurban bus lane": 0,
    "Additional bus lanes": 0,
    "Metro line": 0,
    "FUNC_min": 43.0,
    "Road Hierachy": "דרך אזורית",
    "Terminals": 0,
    "TUEDEP_sum": 1291.0,
    "Rail-affected intersection": 0,
    "lrt-station affected intersection": 0,
    "LRT- status": null,
    "LRT": 0,
    "metro line station - affected intersection": 0,
    "BRT - status": null,
    "BRT": "0",
    "No. of Bus Lane Directions": 4.0,
    "NODE_ID": 150383.0,
    "node_dist_m": 0.0,
    "entering_volume": 570.15826,
    "n_incoming_links": 1.0,
    "nearest_street": "צבי פרנק",
    "daily_bus_passes": 1291.0,
    "n_distinct_lines": 62,
    "Rail-affected intersection (network)": 0,
    "lrt-station affected intersection (network)": 0,
    "metro line station - affected intersection (network)": 0,
    "Terminals (network)": 0,
    "score_nataz": 2000,
    "score_metro": 0,
    "score_brt": 0,
    "score_terminal": 0,
    "score_rail": 0,
    "score_lrt": 0,
    "score_bus_passes": 1291.0,
    "Bus Lane Directions (capped at 2)": 2.0,
    "score_directions": 500.0,
    "score_road": 1800.0,
    "score_entering_volume": 22.8063304,
    "TOTAL_SCORE": 5613.8063304,
    "Vx_neighbors_included": "FID=2493 (r=92m, score=3389); FID=2470 (r=117m, score=4310)",
    "brt_line": "כחול",
    "junction_name": "הרצל פרנק צבי",
    "streets": "הרצל / צבי פרנק",
    "city_clean": "ראשון לציון",
    "status_clean": "קיים",
    "n_junctions_within_200m": 1,
    "junctions_within_200m_fids": "2493",
    "nearest_brt_junction_fid": 2470,
    "nearest_brt_junction_dist_m": 115.6
   },
   "geometry": {
    "type": "Point",
    "coordinates": [
     181841.1207,
     653336.6734
    ]
   }
  },
  {
   "type": "Feature",
   "properties": {
    "fid": 2470,
    "DISTRICODE": 4.0,
    "DISTRICT": "מרכז,",
    "X": 181872.1566,
    "Y": 653448.0032,
    "DOMAIN": "עירוני,",
    "JUNCTION": ",",
    "STREETROAD": "המייסדים / המכבים (412) / הרצל (412) / פיק''א,",
    "CITY": "ראשון לציון,",
    "CITYCODE": 8300.0,
    "TRAFAUTH": ",",
    "AUTHCODE": null,
    "AYALON Code": 11117.0,
    "ID": 740.0,
    "רשות מקומית": ",ראשון לציון",
    "רשות תמרור": ",ראשון לציון",
    "Mantam": 0,
    "Status": ",קיים",
    "name": ",הרצל דרך המכבים",
    "main street": ",הרצל",
    "stree_1": ",דרך המכבים",
    "stree_2": ",פיק\"א",
    "street_3": ",המייסדים",
    "street_4": ",",
    "nataz": ",כן",
    "fast2city": ",לא",
    "blue_line": ",כן",
    "red_line": ",לא",
    "green_line": ",לא",
    "purple_line": ",לא",
    "brown_line": ",לא",
    "DAN_BICYCLE": ",לא",
    "no_project": ",לא",
    "Metronit": ",לא",
    "Auth Code": ",",
    "Fast2City Code": ",",
    "DESCRIPTIO": ",הרצל דרך המכבים",
    "Green_Wave_ID": null,
    "תאריך עדכון אחרון": "07/06/2020 00:00",
    "CLUSTER_ID": 687.0,
    "CLUSTER_SIZE": 1.0,
    "layer": "צמתים מרומזרים — TRAFFIC_LIGHT_JNCTN.shp,רמזורי נתיבי איילון- סופי",
    "path": "/vsizip/M:/Tnua/3119/Documents/TR/מיפוי מרכז/GIS/BACKGROUND/צמתים מרומזרים.zip,M:\\Tnua\\3119\\Documents\\TR\\מיפוי מרכז\\GIS\\MERGED\\רמזורי נתיבי איילון- סופי.gpkg|layername=רמזורי נתיבי איילון- סופי",
    "CLUSTER_ID_2": 2333,
    "CLUSTER_SIZE_2": 2,
    "Existing bus lane": 1,
    "Planned bus lane": 0,
    "Interurban bus lane": 0,
    "Additional bus lanes": 0,
    "Metro line": 0,
    "FUNC_min": 43.0,
    "Road Hierachy": "דרך אזורית",
    "Terminals": 0,
    "TUEDEP_sum": 1169.0,
    "Rail-affected intersection": 0,
    "lrt-station affected intersection": 0,
    "LRT- status": null,
    "LRT": 0,
    "metro line station - affected intersection": 0,
    "BRT - status": null,
    "BRT": "0",
    "No. of Bus Lane Directions": 1.0,
    "NODE_ID": 150306.0,
    "node_dist_m": 0.0,
    "entering_volume": 2275.41595,
    "n_incoming_links": 4.0,
    "nearest_street": "הרצל",
    "daily_bus_passes": 1169.0,
    "n_distinct_lines": 59,
    "Rail-affected intersection (network)": 0,
    "lrt-station affected intersection (network)": 0,
    "metro line station - affected intersection (network)": 0,
    "Terminals (network)": 0,
    "score_nataz": 2000,
    "score_metro": 0,
    "score_brt": 0,
    "score_terminal": 0,
    "score_rail": 0,
    "score_lrt": 0,
    "score_bus_passes": 1169.0,
    "Bus Lane Directions (capped at 2)": 1.0,
    "score_directions": 250.0,
    "score_road": 1800.0,
    "score_entering_volume": 91.016638,
    "TOTAL_SCORE": 5310.016638,
    "Vx_neighbors_included": "FID=2469 (r=117m, score=4614)",
    "brt_line": "כחול",
    "junction_name": "הרצל דרך המכבים",
    "streets": "הרצל / דרך המכבים / פיק\"א / המייסדים",
    "city_clean": "ראשון לציון",
    "status_clean": "קיים",
    "n_junctions_within_200m": 1,
    "junctions_within_200m_fids": "2493",
    "nearest_brt_junction_fid": 2469,
    "nearest_brt_junction_dist_m": 115.6
   },
   "geometry": {
    "type": "Point",
    "coordinates": [
     181872.1566,
     653448.0032
    ]
   }
  },
  {
   "type": "Feature",
   "properties": {
    "fid": 2471,
    "DISTRICODE": 4.0,
    "DISTRICT": "מרכז,",
    "X": 181968.817,
    "Y": 653798.1704,
    "DOMAIN": "עירוני,",
    "JUNCTION": ",",
    "STREETROAD": "המכבים (412) / יעקב פריימן,",
    "CITY": "ראשון לציון,",
    "CITYCODE": 8300.0,
    "TRAFAUTH": ",",
    "AUTHCODE": null,
    "AYALON Code": 11118.0,
    "ID": 741.0,
    "רשות מקומית": ",ראשון לציון",
    "רשות תמרור": ",ראשון לציון",
    "Mantam": 0,
    "Status": ",קיים",
    "name": ",דרך המכבים פרימן יעקב",
    "main street": ",דרך המכבים",
    "stree_1": ",יעקב פרימן",
    "stree_2": ",",
    "street_3": ",",
    "street_4": ",",
    "nataz": ",כן",
    "fast2city": ",לא",
    "blue_line": ",כן",
    "red_line": ",לא",
    "green_line": ",לא",
    "purple_line": ",לא",
    "brown_line": ",לא",
    "DAN_BICYCLE": ",לא",
    "no_project": ",לא",
    "Metronit": ",לא",
    "Auth Code": ",",
    "Fast2City Code": ",",
    "DESCRIPTIO": ",דרך המכבים פרימן יעקב",
    "Green_Wave_ID": null,
    "תאריך עדכון אחרון": "07/06/2020 00:00",
    "CLUSTER_ID": 688.0,
    "CLUSTER_SIZE": 1.0,
    "layer": "צמתים מרומזרים — TRAFFIC_LIGHT_JNCTN.shp,רמזורי נתיבי איילון- סופי",
    "path": "/vsizip/M:/Tnua/3119/Documents/TR/מיפוי מרכז/GIS/BACKGROUND/צמתים מרומזרים.zip,M:\\Tnua\\3119\\Documents\\TR\\מיפוי מרכז\\GIS\\MERGED\\רמזורי נתיבי איילון- סופי.gpkg|layername=רמזורי נתיבי איילון- סופי",
    "CLUSTER_ID_2": 2334,
    "CLUSTER_SIZE_2": 2,
    "Existing bus lane": 1,
    "Planned bus lane": 0,
    "Interurban bus lane": 0,
    "Additional bus lanes": 0,
    "Metro line": 0,
    "FUNC_min": 43.0,
    "Road Hierachy": "דרך אזורית",
    "Terminals": 0,
    "TUEDEP_sum": 1232.0,
    "Rail-affected intersection": 0,
    "lrt-station affected intersection": 0,
    "LRT- status": null,
    "LRT": 0,
    "metro line station - affected intersection": 1,
    "BRT - status": null,
    "BRT": "0",
    "No. of Bus Lane Directions": 2.0,
    "NODE_ID": 150340.0,
    "node_dist_m": 0.0,
    "entering_volume": 3579.020847,
    "n_incoming_links": 3.0,
    "nearest_street": null,
    "daily_bus_passes": 1232.0,
    "n_distinct_lines": 61,
    "Rail-affected intersection (network)": 0,
    "lrt-station affected intersection (network)": 0,
    "metro line station - affected intersection (network)": 0,
    "Terminals (network)": 0,
    "score_nataz": 2000,
    "score_metro": 0,
    "score_brt": 0,
    "score_terminal": 0,
    "score_rail": 0,
    "score_lrt": 0,
    "score_bus_passes": 1232.0,
    "Bus Lane Directions (capped at 2)": 2.0,
    "score_directions": 500.0,
    "score_road": 1800.0,
    "score_entering_volume": 143.16083387999998,
    "TOTAL_SCORE": 5675.16083388,
    "Vx_neighbors_included": "",
    "brt_line": "כחול",
    "junction_name": "דרך המכבים פרימן יעקב",
    "streets": "דרך המכבים / יעקב פרימן",
    "city_clean": "ראשון לציון",
    "status_clean": "קיים",
    "n_junctions_within_200m": 0,
    "junctions_within_200m_fids": "",
    "nearest_brt_junction_fid": 2470,
    "nearest_brt_junction_dist_m": 363.3
   },
   "geometry": {
    "type": "Point",
    "coordinates": [
     181968.817,
     653798.1704
    ]
   }
  },
  {
   "type": "Feature",
   "properties": {
    "fid": 2472,
    "DISTRICODE": 4.0,
    "DISTRICT": "מרכז,",
    "X": 182101.4855,
    "Y": 654252.5541,
    "DOMAIN": "עירוני,",
    "JUNCTION": ",",
    "STREETROAD": "המכבים (412) / הציונות,",
    "CITY": "ראשון לציון,",
    "CITYCODE": 8300.0,
    "TRAFAUTH": ",",
    "AUTHCODE": null,
    "AYALON Code": 11119.0,
    "ID": 742.0,
    "רשות מקומית": ",ראשון לציון",
    "רשות תמרור": ",ראשון לציון",
    "Mantam": 0,
    "Status": ",קיים",
    "name": ",שדרות הציונות דרך המכבים",
    "main street": ",דרך המכבים",
    "stree_1": ",שדרות הציונות",
    "stree_2": ",",
    "street_3": ",",
    "street_4": ",",
    "nataz": ",כן",
    "fast2city": ",לא",
    "blue_line": ",כן",
    "red_line": ",לא",
    "green_line": ",לא",
    "purple_line": ",לא",
    "brown_line": ",לא",
    "DAN_BICYCLE": ",לא",
    "no_project": ",לא",
    "Metronit": ",לא",
    "Auth Code": ",",
    "Fast2City Code": ",",
    "DESCRIPTIO": ",שדרות הציונות דרך המכבים",
    "Green_Wave_ID": null,
    "תאריך עדכון אחרון": "07/06/2020 00:00",
    "CLUSTER_ID": 689.0,
    "CLUSTER_SIZE": 1.0,
    "layer": "צמתים מרומזרים — TRAFFIC_LIGHT_JNCTN.shp,רמזורי נתיבי איילון- סופי",
    "path": "/vsizip/M:/Tnua/3119/Documents/TR/מיפוי מרכז/GIS/BACKGROUND/צמתים מרומזרים.zip,M:\\Tnua\\3119\\Documents\\TR\\מיפוי מרכז\\GIS\\MERGED\\רמזורי נתיבי איילון- סופי.gpkg|layername=רמזורי נתיבי איילון- סופי",
    "CLUSTER_ID_2": 2343,
    "CLUSTER_SIZE_2": 2,
    "Existing bus lane": 1,
    "Planned bus lane": 0,
    "Interurban bus lane": 0,
    "Additional bus lanes": 0,
    "Metro line": 1,
    "FUNC_min": 43.0,
    "Road Hierachy": "דרך אזורית",
    "Terminals": 0,
    "TUEDEP_sum": 1170.0,
    "Rail-affected intersection": 0,
    "lrt-station affected intersection": 0,
    "LRT- status": null,
    "LRT": 0,
    "metro line station - affected intersection": 1,
    "BRT - status": null,
    "BRT": "0",
    "No. of Bus Lane Directions": 2.0,
    "NODE_ID": 150044.0,
    "node_dist_m": 0.0,
    "entering_volume": 3640.690579,
    "n_incoming_links": 3.0,
    "nearest_street": "שדרות הציונות",
    "daily_bus_passes": 1170.0,
    "n_distinct_lines": 56,
    "Rail-affected intersection (network)": 0,
    "lrt-station affected intersection (network)": 0,
    "metro line station - affected intersection (network)": 1,
    "Terminals (network)": 0,
    "score_nataz": 2000,
    "score_metro": 4000,
    "score_brt": 0,
    "score_terminal": 0,
    "score_rail": 0,
    "score_lrt": 0,
    "score_bus_passes": 1170.0,
    "Bus Lane Directions (capped at 2)": 2.0,
    "score_directions": 500.0,
    "score_road": 1800.0,
    "score_entering_volume": 145.62762316,
    "TOTAL_SCORE": 9615.62762316,
    "Vx_neighbors_included": "",
    "brt_line": "כחול",
    "junction_name": "שדרות הציונות דרך המכבים",
    "streets": "דרך המכבים / שדרות הציונות",
    "city_clean": "ראשון לציון",
    "status_clean": "קיים",
    "n_junctions_within_200m": 0,
    "junctions_within_200m_fids": "",
    "nearest_brt_junction_fid": 2473,
    "nearest_brt_junction_dist_m": 329.5
   },
   "geometry": {
    "type": "Point",
    "coordinates": [
     182101.4855,
     654252.5541
    ]
   }
  },
  {
   "type": "Feature",
   "properties": {
    "fid": 2473,
    "DISTRICODE": 4.0,
    "DISTRICT": "מרכז,",
    "X": 182200.457,
    "Y": 654566.7868,
    "DOMAIN": "עירוני,",
    "JUNCTION": ",",
    "STREETROAD": "המכבים (412) / טוליפמן,",
    "CITY": "ראשון לציון,",
    "CITYCODE": 8300.0,
    "TRAFAUTH": ",",
    "AUTHCODE": null,
    "AYALON Code": 11120.0,
    "ID": 743.0,
    "רשות מקומית": ",ראשון לציון",
    "רשות תמרור": ",ראשון לציון",
    "Mantam": 0,
    "Status": ",קיים",
    "name": ",דרך המכבים טוליפמן",
    "main street": ",דרך המכבים",
    "stree_1": ",טוליפמן",
    "stree_2": ",",
    "street_3": ",",
    "street_4": ",",
    "nataz": ",כן",
    "fast2city": ",לא",
    "blue_line": ",כן",
    "red_line": ",לא",
    "green_line": ",לא",
    "purple_line": ",לא",
    "brown_line": ",לא",
    "DAN_BICYCLE": ",לא",
    "no_project": ",לא",
    "Metronit": ",לא",
    "Auth Code": ",",
    "Fast2City Code": ",",
    "DESCRIPTIO": ",דרך המכבים טוליפמן",
    "Green_Wave_ID": null,
    "תאריך עדכון אחרון": "07/06/2020 00:00",
    "CLUSTER_ID": 690.0,
    "CLUSTER_SIZE": 1.0,
    "layer": "צמתים מרומזרים — TRAFFIC_LIGHT_JNCTN.shp,רמזורי נתיבי איילון- סופי",
    "path": "/vsizip/M:/Tnua/3119/Documents/TR/מיפוי מרכז/GIS/BACKGROUND/צמתים מרומזרים.zip,M:\\Tnua\\3119\\Documents\\TR\\מיפוי מרכז\\GIS\\MERGED\\רמזורי נתיבי איילון- סופי.gpkg|layername=רמזורי נתיבי איילון- סופי",
    "CLUSTER_ID_2": 2391,
    "CLUSTER_SIZE_2": 2,
    "Existing bus lane": 1,
    "Planned bus lane": 0,
    "Interurban bus lane": 0,
    "Additional bus lanes": 0,
    "Metro line": 0,
    "FUNC_min": 43.0,
    "Road Hierachy": "דרך אזורית",
    "Terminals": 0,
    "TUEDEP_sum": 1160.0,
    "Rail-affected intersection": 0,
    "lrt-station affected intersection": 0,
    "LRT- status": null,
    "LRT": 0,
    "metro line station - affected intersection": 1,
    "BRT - status": null,
    "BRT": "0",
    "No. of Bus Lane Directions": 2.0,
    "NODE_ID": 150520.0,
    "node_dist_m": 0.0,
    "entering_volume": 2928.846332,
    "n_incoming_links": 3.0,
    "nearest_street": "טוליפמן",
    "daily_bus_passes": 1160.0,
    "n_distinct_lines": 53,
    "Rail-affected intersection (network)": 0,
    "lrt-station affected intersection (network)": 0,
    "metro line station - affected intersection (network)": 1,
    "Terminals (network)": 0,
    "score_nataz": 2000,
    "score_metro": 4000,
    "score_brt": 0,
    "score_terminal": 0,
    "score_rail": 0,
    "score_lrt": 0,
    "score_bus_passes": 1160.0,
    "Bus Lane Directions (capped at 2)": 2.0,
    "score_directions": 500.0,
    "score_road": 1800.0,
    "score_entering_volume": 117.15385328,
    "TOTAL_SCORE": 9577.15385328,
    "Vx_neighbors_included": "",
    "brt_line": "כחול",
    "junction_name": "דרך המכבים טוליפמן",
    "streets": "דרך המכבים / טוליפמן",
    "city_clean": "ראשון לציון",
    "status_clean": "קיים",
    "n_junctions_within_200m": 1,
    "junctions_within_200m_fids": "2494",
    "nearest_brt_junction_fid": 2472,
    "nearest_brt_junction_dist_m": 329.5
   },
   "geometry": {
    "type": "Point",
    "coordinates": [
     182200.457,
     654566.7868
    ]
   }
  },
  {
   "type": "Feature",
   "properties": {
    "fid": 2474,
    "DISTRICODE": 4.0,
    "DISTRICT": "מרכז,",
    "X": 182552.4498,
    "Y": 655618.8511,
    "DOMAIN": "עירוני,",
    "JUNCTION": ",",
    "STREETROAD": "412 / פרופ' קמרון,",
    "CITY": "ראשון לציון,",
    "CITYCODE": 8300.0,
    "TRAFAUTH": ",",
    "AUTHCODE": null,
    "AYALON Code": 11121.0,
    "ID": 744.0,
    "רשות מקומית": ",ראשון לציון",
    "רשות תמרור": ",ראשון לציון",
    "Mantam": 0,
    "Status": ",קיים",
    "name": ",דרך המכבים קמרון אברהם",
    "main street": ",דרך המכבים",
    "stree_1": ",אברהם קמרון",
    "stree_2": ",",
    "street_3": ",",
    "street_4": ",",
    "nataz": ",כן",
    "fast2city": ",לא",
    "blue_line": ",כן",
    "red_line": ",לא",
    "green_line": ",לא",
    "purple_line": ",לא",
    "brown_line": ",לא",
    "DAN_BICYCLE": ",לא",
    "no_project": ",לא",
    "Metronit": ",לא",
    "Auth Code": ",",
    "Fast2City Code": ",",
    "DESCRIPTIO": ",דרך המכבים קמרון אברהם",
    "Green_Wave_ID": null,
    "תאריך עדכון אחרון": "07/06/2020 00:00",
    "CLUSTER_ID": 691.0,
    "CLUSTER_SIZE": 1.0,
    "layer": "צמתים מרומזרים — TRAFFIC_LIGHT_JNCTN.shp,רמזורי נתיבי איילון- סופי",
    "path": "/vsizip/M:/Tnua/3119/Documents/TR/מיפוי מרכז/GIS/BACKGROUND/צמתים מרומזרים.zip,M:\\Tnua\\3119\\Documents\\TR\\מיפוי מרכז\\GIS\\MERGED\\רמזורי נתיבי איילון- סופי.gpkg|layername=רמזורי נתיבי איילון- סופי",
    "CLUSTER_ID_2": 2394,
    "CLUSTER_SIZE_2": 2,
    "Existing bus lane": 1,
    "Planned bus lane": 0,
    "Interurban bus lane": 0,
    "Additional bus lanes": 0,
    "Metro line": 0,
    "FUNC_min": 43.0,
    "Road Hierachy": "דרך אזורית",
    "Terminals": 0,
    "TUEDEP_sum": 1044.0,
    "Rail-affected intersection": 0,
    "lrt-station affected intersection": 1,
    "LRT- status": null,
    "LRT": 0,
    "metro line station - affected intersection": 0,
    "BRT - status": null,
    "BRT": "0",
    "No. of Bus Lane Directions": 2.0,
    "NODE_ID": 150710.0,
    "node_dist_m": 0.0,
    "entering_volume": 3750.819401,
    "n_incoming_links": 3.0,
    "nearest_street": null,
    "daily_bus_passes": 1044.0,
    "n_distinct_lines": 49,
    "Rail-affected intersection (network)": 0,
    "lrt-station affected intersection (network)": 0,
    "metro line station - affected intersection (network)": 0,
    "Terminals (network)": 0,
    "score_nataz": 2000,
    "score_metro": 0,
    "score_brt": 0,
    "score_terminal": 0,
    "score_rail": 0,
    "score_lrt": 0,
    "score_bus_passes": 1044.0,
    "Bus Lane Directions (capped at 2)": 2.0,
    "score_directions": 500.0,
    "score_road": 1800.0,
    "score_entering_volume": 150.03277604000002,
    "TOTAL_SCORE": 5494.03277604,
    "Vx_neighbors_included": "",
    "brt_line": "כחול",
    "junction_name": "דרך המכבים קמרון אברהם",
    "streets": "דרך המכבים / אברהם קמרון",
    "city_clean": "ראשון לציון",
    "status_clean": "קיים",
    "n_junctions_within_200m": 0,
    "junctions_within_200m_fids": "",
    "nearest_brt_junction_fid": 2473,
    "nearest_brt_junction_dist_m": 1109.4
   },
   "geometry": {
    "type": "Point",
    "coordinates": [
     182552.4498,
     655618.8511
    ]
   }
  },
  {
   "type": "Feature",
   "properties": {
    "fid": 2475,
    "DISTRICODE": 4.0,
    "DISTRICT": "מרכז,",
    "X": 183238.3547,
    "Y": 656523.2508,
    "DOMAIN": "בין עירוני,",
    "JUNCTION": "צומת בית דגן,",
    "STREETROAD": "412 / השבעה (44) / רמפה 44,",
    "CITY": "ראשון לציון,",
    "CITYCODE": 8300.0,
    "TRAFAUTH": "נתיבי ישראל,",
    "AUTHCODE": "10101",
    "AYALON Code": 11122.0,
    "ID": 745.0,
    "רשות מקומית": ",ראשון לציון",
    "רשות תמרור": ",נת\"י",
    "Mantam": 0,
    "Status": ",קיים",
    "name": ",צומת בית דגן",
    "main street": ",דרך המכבים",
    "stree_1": ",כביש 412",
    "stree_2": ",כביש 44",
    "street_3": ",",
    "street_4": ",",
    "nataz": ",כן",
    "fast2city": ",לא",
    "blue_line": ",כן",
    "red_line": ",לא",
    "green_line": ",לא",
    "purple_line": ",לא",
    "brown_line": ",לא",
    "DAN_BICYCLE": ",לא",
    "no_project": ",לא",
    "Metronit": ",לא",
    "Auth Code": ",",
    "Fast2City Code": ",",
    "DESCRIPTIO": ",צומת בית דגן",
    "Green_Wave_ID": null,
    "תאריך עדכון אחרון": "07/06/2020 00:00",
    "CLUSTER_ID": 692.0,
    "CLUSTER_SIZE": 1.0,
    "layer": "צמתים מרומזרים — TRAFFIC_LIGHT_JNCTN.shp,רמזורי נתיבי איילון- סופי",
    "path": "/vsizip/M:/Tnua/3119/Documents/TR/מיפוי מרכז/GIS/BACKGROUND/צמתים מרומזרים.zip,M:\\Tnua\\3119\\Documents\\TR\\מיפוי מרכז\\GIS\\MERGED\\רמזורי נתיבי איילון- סופי.gpkg|layername=רמזורי נתיבי איילון- סופי",
    "CLUSTER_ID_2": 2397,
    "CLUSTER_SIZE_2": 2,
    "Existing bus lane": 1,
    "Planned bus lane": 1,
    "Interurban bus lane": 0,
    "Additional bus lanes": 0,
    "Metro line": 0,
    "FUNC_min": 42.0,
    "Road Hierachy": "דרך ארצית",
    "Terminals": 0,
    "TUEDEP_sum": 1211.0,
    "Rail-affected intersection": 0,
    "lrt-station affected intersection": 0,
    "LRT- status": null,
    "LRT": 0,
    "metro line station - affected intersection": 0,
    "BRT - status": null,
    "BRT": "0",
    "No. of Bus Lane Directions": 2.0,
    "NODE_ID": 173194.0,
    "node_dist_m": 0.0,
    "entering_volume": 4518.84375,
    "n_incoming_links": 3.0,
    "nearest_street": null,
    "daily_bus_passes": 1211.0,
    "n_distinct_lines": 84,
    "Rail-affected intersection (network)": 0,
    "lrt-station affected intersection (network)": 0,
    "metro line station - affected intersection (network)": 0,
    "Terminals (network)": 0,
    "score_nataz": 2000,
    "score_metro": 0,
    "score_brt": 0,
    "score_terminal": 0,
    "score_rail": 0,
    "score_lrt": 0,
    "score_bus_passes": 1211.0,
    "Bus Lane Directions (capped at 2)": 2.0,
    "score_directions": 500.0,
    "score_road": 2100.0,
    "score_entering_volume": 180.75375,
    "TOTAL_SCORE": 5991.75375,
    "Vx_neighbors_included": "FID=1600 (r=98m, score=3795); FID=1601 (r=187m, score=4882)",
    "brt_line": "כחול",
    "junction_name": "צומת בית דגן",
    "streets": "דרך המכבים / כביש 412 / כביש 44",
    "city_clean": "ראשון לציון",
    "status_clean": "קיים",
    "n_junctions_within_200m": 2,
    "junctions_within_200m_fids": "1600, 1601",
    "nearest_brt_junction_fid": 2474,
    "nearest_brt_junction_dist_m": 1135.1
   },
   "geometry": {
    "type": "Point",
    "coordinates": [
     183238.3547,
     656523.2508
    ]
   }
  },
  {
   "type": "Feature",
   "properties": {
    "fid": 2476,
    "DISTRICODE": 4.0,
    "DISTRICT": "מרכז,",
    "X": 181413.3257,
    "Y": 650932.1755,
    "DOMAIN": "בין עירוני,",
    "JUNCTION": ",",
    "STREETROAD": "הרצל (412) / נים / רמפה 412 / רמפה 431,",
    "CITY": "ראשון לציון,",
    "CITYCODE": 8300.0,
    "TRAFAUTH": "נתיבי היובל,",
    "AUTHCODE": "70101",
    "AYALON Code": 11123.0,
    "ID": 746.0,
    "רשות מקומית": ",ראשון לציון",
    "רשות תמרור": ",נתיבי היובל",
    "Mantam": 0,
    "Status": ",קיים",
    "name": ",שדרות נים הרצל",
    "main street": ",הרצל",
    "stree_1": ",שדרות נים",
    "stree_2": ",כביש 431",
    "street_3": ",",
    "street_4": ",",
    "nataz": ",לא",
    "fast2city": ",לא",
    "blue_line": ",כן",
    "red_line": ",לא",
    "green_line": ",לא",
    "purple_line": ",לא",
    "brown_line": ",לא",
    "DAN_BICYCLE": ",לא",
    "no_project": ",לא",
    "Metronit": ",לא",
    "Auth Code": ",",
    "Fast2City Code": ",",
    "DESCRIPTIO": ",שדרות נים הרצל",
    "Green_Wave_ID": null,
    "תאריך עדכון אחרון": "07/06/2020 00:00",
    "CLUSTER_ID": 693.0,
    "CLUSTER_SIZE": 1.0,
    "layer": "צמתים מרומזרים — TRAFFIC_LIGHT_JNCTN.shp,רמזורי נתיבי איילון- סופי",
    "path": "/vsizip/M:/Tnua/3119/Documents/TR/מיפוי מרכז/GIS/BACKGROUND/צמתים מרומזרים.zip,M:\\Tnua\\3119\\Documents\\TR\\מיפוי מרכז\\GIS\\MERGED\\רמזורי נתיבי איילון- סופי.gpkg|layername=רמזורי נתיבי איילון- סופי",
    "CLUSTER_ID_2": 2307,
    "CLUSTER_SIZE_2": 2,
    "Existing bus lane": 1,
    "Planned bus lane": 0,
    "Interurban bus lane": 0,
    "Additional bus lanes": 0,
    "Metro line": 1,
    "FUNC_min": 43.0,
    "Road Hierachy": "דרך אזורית",
    "Terminals": 1,
    "TUEDEP_sum": 1220.0,
    "Rail-affected intersection": 1,
    "lrt-station affected intersection": 0,
    "LRT- status": null,
    "LRT": 0,
    "metro line station - affected intersection": 1,
    "BRT - status": null,
    "BRT": "0",
    "No. of Bus Lane Directions": 2.0,
    "NODE_ID": 150072.0,
    "node_dist_m": 0.0,
    "entering_volume": 809.4046547,
    "n_incoming_links": 1.0,
    "nearest_street": null,
    "daily_bus_passes": 1220.0,
    "n_distinct_lines": 71,
    "Rail-affected intersection (network)": 0,
    "lrt-station affected intersection (network)": 0,
    "metro line station - affected intersection (network)": 1,
    "Terminals (network)": 0,
    "score_nataz": 2000,
    "score_metro": 4000,
    "score_brt": 0,
    "score_terminal": 0,
    "score_rail": 0,
    "score_lrt": 0,
    "score_bus_passes": 1220.0,
    "Bus Lane Directions (capped at 2)": 2.0,
    "score_directions": 500.0,
    "score_road": 1800.0,
    "score_entering_volume": 32.376186188,
    "TOTAL_SCORE": 9552.376186188,
    "Vx_neighbors_included": "",
    "brt_line": "כחול",
    "junction_name": "שדרות נים הרצל",
    "streets": "הרצל / שדרות נים / כביש 431",
    "city_clean": "ראשון לציון",
    "status_clean": "קיים",
    "n_junctions_within_200m": 0,
    "junctions_within_200m_fids": "",
    "nearest_brt_junction_fid": 2488,
    "nearest_brt_junction_dist_m": 334.4
   },
   "geometry": {
    "type": "Point",
    "coordinates": [
     181413.3257,
     650932.1755
    ]
   }
  },
  {
   "type": "Feature",
   "properties": {
    "fid": 2479,
    "DISTRICODE": 4.0,
    "DISTRICT": "מרכז,",
    "X": 183232.3583,
    "Y": 652144.9023,
    "DOMAIN": "עירוני,",
    "JUNCTION": ",",
    "STREETROAD": "חנה ומיכאל לוין / יגאל אלון / ירושלים,",
    "CITY": "ראשון לציון,",
    "CITYCODE": 8300.0,
    "TRAFAUTH": ",",
    "AUTHCODE": null,
    "AYALON Code": 11126.0,
    "ID": 749.0,
    "רשות מקומית": ",ראשון לציון",
    "רשות תמרור": ",ראשון לציון",
    "Mantam": 0,
    "Status": ",קיים",
    "name": ",יגאל אלון - ירושלים",
    "main street": ",יגאל אלון",
    "stree_1": ",ירושלים",
    "stree_2": ",",
    "street_3": ",",
    "street_4": ",",
    "nataz": ",לא",
    "fast2city": ",לא",
    "blue_line": ",לא",
    "red_line": ",לא",
    "green_line": ",לא",
    "purple_line": ",לא",
    "brown_line": ",כן",
    "DAN_BICYCLE": ",לא",
    "no_project": ",לא",
    "Metronit": ",לא",
    "Auth Code": ",",
    "Fast2City Code": ",",
    "DESCRIPTIO": ",יגאל אלון - ירושלים",
    "Green_Wave_ID": null,
    "תאריך עדכון אחרון": "11/04/2021",
    "CLUSTER_ID": 696.0,
    "CLUSTER_SIZE": 1.0,
    "layer": "צמתים מרומזרים — TRAFFIC_LIGHT_JNCTN.shp,רמזורי נתיבי איילון- סופי",
    "path": "/vsizip/M:/Tnua/3119/Documents/TR/מיפוי מרכז/GIS/BACKGROUND/צמתים מרומזרים.zip,M:\\Tnua\\3119\\Documents\\TR\\מיפוי מרכז\\GIS\\MERGED\\רמזורי נתיבי איילון- סופי.gpkg|layername=רמזורי נתיבי איילון- סופי",
    "CLUSTER_ID_2": 2347,
    "CLUSTER_SIZE_2": 2,
    "Existing bus lane": 0,
    "Planned bus lane": 1,
    "Interurban bus lane": 0,
    "Additional bus lanes": 0,
    "Metro line": 0,
    "FUNC_min": 46.0,
    "Road Hierachy": "דרך עורקית",
    "Terminals": 0,
    "TUEDEP_sum": 800.0,
    "Rail-affected intersection": 0,
    "lrt-station affected intersection": 0,
    "LRT- status": null,
    "LRT": 0,
    "metro line station - affected intersection": 0,
    "BRT - status": null,
    "BRT": "0",
    "No. of Bus Lane Directions": 4.0,
    "NODE_ID": 150660.0,
    "node_dist_m": 0.0,
    "entering_volume": 1848.026744,
    "n_incoming_links": 4.0,
    "nearest_street": "ירושלים",
    "daily_bus_passes": 800.0,
    "n_distinct_lines": 23,
    "Rail-affected intersection (network)": 0,
    "lrt-station affected intersection (network)": 0,
    "metro line station - affected intersection (network)": 0,
    "Terminals (network)": 0,
    "score_nataz": 1000,
    "score_metro": 0,
    "score_brt": 0,
    "score_terminal": 0,
    "score_rail": 0,
    "score_lrt": 0,
    "score_bus_passes": 800.0,
    "Bus Lane Directions (capped at 2)": 2.0,
    "score_directions": 500.0,
    "score_road": 1800.0,
    "score_entering_volume": 73.92106976,
    "TOTAL_SCORE": 4173.92106976,
    "Vx_neighbors_included": "",
    "brt_line": "חום (שלב א')",
    "junction_name": "יגאל אלון - ירושלים",
    "streets": "יגאל אלון / ירושלים",
    "city_clean": "ראשון לציון",
    "status_clean": "קיים",
    "n_junctions_within_200m": 1,
    "junctions_within_200m_fids": "2480",
    "nearest_brt_junction_fid": 2406,
    "nearest_brt_junction_dist_m": 386.4
   },
   "geometry": {
    "type": "Point",
    "coordinates": [
     183232.3583,
     652144.9023
    ]
   }
  },
  {
   "type": "Feature",
   "properties": {
    "fid": 2488,
    "DISTRICODE": 4.0,
    "DISTRICT": "מרכז,",
    "X": 181362.4564,
    "Y": 650601.6928,
    "DOMAIN": "בין עירוני,",
    "JUNCTION": ",",
    "STREETROAD": "הרצל (412) / רמפה 412 / רמפה 431,",
    "CITY": "ראשון לציון,",
    "CITYCODE": 8300.0,
    "TRAFAUTH": "נתיבי היובל,",
    "AUTHCODE": "70101",
    "AYALON Code": 11135.0,
    "ID": 758.0,
    "רשות מקומית": ",ראשון לציון",
    "רשות תמרור": ",נתיבי היובל",
    "Mantam": 0,
    "Status": ",קיים",
    "name": ",מחלף ראשונים",
    "main street": ",כביש 431",
    "stree_1": ",כביש 412",
    "stree_2": ",",
    "street_3": ",",
    "street_4": ",",
    "nataz": ",לא",
    "fast2city": ",לא",
    "blue_line": ",כן",
    "red_line": ",לא",
    "green_line": ",לא",
    "purple_line": ",לא",
    "brown_line": ",לא",
    "DAN_BICYCLE": ",לא",
    "no_project": ",לא",
    "Metronit": ",לא",
    "Auth Code": ",",
    "Fast2City Code": ",",
    "DESCRIPTIO": ",מחלף ראשונים",
    "Green_Wave_ID": null,
    "תאריך עדכון אחרון": "07/05/2021",
    "CLUSTER_ID": 705.0,
    "CLUSTER_SIZE": 1.0,
    "layer": "צמתים מרומזרים — TRAFFIC_LIGHT_JNCTN.shp,רמזורי נתיבי איילון- סופי",
    "path": "/vsizip/M:/Tnua/3119/Documents/TR/מיפוי מרכז/GIS/BACKGROUND/צמתים מרומזרים.zip,M:\\Tnua\\3119\\Documents\\TR\\מיפוי מרכז\\GIS\\MERGED\\רמזורי נתיבי איילון- סופי.gpkg|layername=רמזורי נתיבי איילון- סופי",
    "CLUSTER_ID_2": 2300,
    "CLUSTER_SIZE_2": 2,
    "Existing bus lane": 1,
    "Planned bus lane": 0,
    "Interurban bus lane": 0,
    "Additional bus lanes": 0,
    "Metro line": 1,
    "FUNC_min": 43.0,
    "Road Hierachy": "דרך אזורית",
    "Terminals": 0,
    "TUEDEP_sum": 987.0,
    "Rail-affected intersection": 1,
    "lrt-station affected intersection": 0,
    "LRT- status": null,
    "LRT": 0,
    "metro line station - affected intersection": 1,
    "BRT - status": null,
    "BRT": "0",
    "No. of Bus Lane Directions": 1.0,
    "NODE_ID": 155070.0,
    "node_dist_m": 0.0,
    "entering_volume": 5271.613245,
    "n_incoming_links": 3.0,
    "nearest_street": null,
    "daily_bus_passes": 987.0,
    "n_distinct_lines": 63,
    "Rail-affected intersection (network)": 0,
    "lrt-station affected intersection (network)": 0,
    "metro line station - affected intersection (network)": 1,
    "Terminals (network)": 0,
    "score_nataz": 2000,
    "score_metro": 4000,
    "score_brt": 0,
    "score_terminal": 0,
    "score_rail": 0,
    "score_lrt": 0,
    "score_bus_passes": 987.0,
    "Bus Lane Directions (capped at 2)": 1.0,
    "score_directions": 250.0,
    "score_road": 1800.0,
    "score_entering_volume": 210.8645298,
    "TOTAL_SCORE": 9247.8645298,
    "Vx_neighbors_included": "",
    "brt_line": "כחול",
    "junction_name": "מחלף ראשונים",
    "streets": "כביש 431 / כביש 412",
    "city_clean": "ראשון לציון",
    "status_clean": "קיים",
    "n_junctions_within_200m": 0,
    "junctions_within_200m_fids": "",
    "nearest_brt_junction_fid": 2476,
    "nearest_brt_junction_dist_m": 334.4
   },
   "geometry": {
    "type": "Point",
    "coordinates": [
     181362.4564,
     650601.6928
    ]
   }
  },
  {
   "type": "Feature",
   "properties": {
    "fid": 2491,
    "DISTRICODE": null,
    "DISTRICT": null,
    "X": 181434.0,
    "Y": 651572.0,
    "DOMAIN": null,
    "JUNCTION": null,
    "STREETROAD": null,
    "CITY": null,
    "CITYCODE": null,
    "TRAFAUTH": null,
    "AUTHCODE": null,
    "AYALON Code": 11138.0,
    "ID": 761.0,
    "רשות מקומית": "ראשון לציון",
    "רשות תמרור": "ראשון לציון",
    "Mantam": 0,
    "Status": "בתכנון",
    "name": "הרצל - ינובסקי",
    "main street": "הרצל",
    "stree_1": "הרב ינובסקי",
    "stree_2": null,
    "street_3": null,
    "street_4": null,
    "nataz": "כן",
    "fast2city": "לא",
    "blue_line": "כן",
    "red_line": "לא",
    "green_line": "לא",
    "purple_line": "לא",
    "brown_line": "לא",
    "DAN_BICYCLE": "לא",
    "no_project": "לא",
    "Metronit": "לא",
    "Auth Code": null,
    "Fast2City Code": null,
    "DESCRIPTIO": "הרצל - ינובסקי",
    "Green_Wave_ID": null,
    "תאריך עדכון אחרון": "29/06/2021",
    "CLUSTER_ID": 708.0,
    "CLUSTER_SIZE": 1.0,
    "layer": "רמזורי נתיבי איילון- סופי",
    "path": "M:\\Tnua\\3119\\Documents\\TR\\מיפוי מרכז\\GIS\\MERGED\\רמזורי נתיבי איילון- סופי.gpkg|layername=רמזורי נתיבי איילון- סופי",
    "CLUSTER_ID_2": 3294,
    "CLUSTER_SIZE_2": 1,
    "Existing bus lane": 1,
    "Planned bus lane": 0,
    "Interurban bus lane": 0,
    "Additional bus lanes": 0,
    "Metro line": 1,
    "FUNC_min": 43.0,
    "Road Hierachy": "דרך אזורית",
    "Terminals": 0,
    "TUEDEP_sum": 1617.0,
    "Rail-affected intersection": 0,
    "lrt-station affected intersection": 0,
    "LRT- status": null,
    "LRT": 0,
    "metro line station - affected intersection": 0,
    "BRT - status": null,
    "BRT": "0",
    "No. of Bus Lane Directions": 2.0,
    "NODE_ID": null,
    "node_dist_m": null,
    "entering_volume": null,
    "n_incoming_links": null,
    "nearest_street": null,
    "daily_bus_passes": 1617.0,
    "n_distinct_lines": 74,
    "Rail-affected intersection (network)": 0,
    "lrt-station affected intersection (network)": 0,
    "metro line station - affected intersection (network)": 0,
    "Terminals (network)": 0,
    "score_nataz": 2000,
    "score_metro": 0,
    "score_brt": 0,
    "score_terminal": 0,
    "score_rail": 0,
    "score_lrt": 0,
    "score_bus_passes": 1617.0,
    "Bus Lane Directions (capped at 2)": 2.0,
    "score_directions": 500.0,
    "score_road": 1800.0,
    "score_entering_volume": 0.0,
    "TOTAL_SCORE": 5917.0,
    "Vx_neighbors_included": "",
    "brt_line": "כחול",
    "junction_name": "הרצל - ינובסקי",
    "streets": "הרצל / הרב ינובסקי",
    "city_clean": "ראשון לציון",
    "status_clean": "בתכנון",
    "n_junctions_within_200m": 0,
    "junctions_within_200m_fids": "",
    "nearest_brt_junction_fid": 2459,
    "nearest_brt_junction_dist_m": 268.5
   },
   "geometry": {
    "type": "Point",
    "coordinates": [
     181434.0,
     651572.0
    ]
   }
  },
  {
   "type": "Feature",
   "properties": {
    "fid": 2498,
    "DISTRICODE": 4.0,
    "DISTRICT": "מרכז,",
    "X": 183033.8968,
    "Y": 642068.2734,
    "DOMAIN": "בין עירוני,",
    "JUNCTION": "צומת בילו,",
    "STREETROAD": "40 / הרצל (412),",
    "CITY": "רחובות,",
    "CITYCODE": 8400.0,
    "TRAFAUTH": "נתיבי ישראל,",
    "AUTHCODE": "10101",
    "AYALON Code": 12002.0,
    "ID": 763.0,
    "רשות מקומית": ",רחובות",
    "רשות תמרור": ",נת\"י",
    "Mantam": 0,
    "Status": ",קיים",
    "name": ",הרצל צומת ביל\"ו",
    "main street": ",הרצל",
    "stree_1": ",צומת ביל\"ו",
    "stree_2": ",",
    "street_3": ",",
    "street_4": ",",
    "nataz": ",לא",
    "fast2city": ",לא",
    "blue_line": ",כן",
    "red_line": ",לא",
    "green_line": ",לא",
    "purple_line": ",לא",
    "brown_line": ",לא",
    "DAN_BICYCLE": ",לא",
    "no_project": ",לא",
    "Metronit": ",לא",
    "Auth Code": ",",
    "Fast2City Code": ",RL05",
    "DESCRIPTIO": ",הרצל צומת ביל\"ו",
    "Green_Wave_ID": null,
    "תאריך עדכון אחרון": "07/06/2020 00:00",
    "CLUSTER_ID": 715.0,
    "CLUSTER_SIZE": 1.0,
    "layer": "צמתים מרומזרים — TRAFFIC_LIGHT_JNCTN.shp,רמזורי נתיבי איילון- סופי",
    "path": "/vsizip/M:/Tnua/3119/Documents/TR/מיפוי מרכז/GIS/BACKGROUND/צמתים מרומזרים.zip,M:\\Tnua\\3119\\Documents\\TR\\מיפוי מרכז\\GIS\\MERGED\\רמזורי נתיבי איילון- סופי.gpkg|layername=רמזורי נתיבי איילון- סופי",
    "CLUSTER_ID_2": 2426,
    "CLUSTER_SIZE_2": 2,
    "Existing bus lane": 0,
    "Planned bus lane": 1,
    "Interurban bus lane": 0,
    "Additional bus lanes": 0,
    "Metro line": 0,
    "FUNC_min": 42.0,
    "Road Hierachy": "דרך ארצית",
    "Terminals": 0,
    "TUEDEP_sum": 680.0,
    "Rail-affected intersection": 0,
    "lrt-station affected intersection": 0,
    "LRT- status": null,
    "LRT": 0,
    "metro line station - affected intersection": 1,
    "BRT - status": null,
    "BRT": "0",
    "No. of Bus Lane Directions": 4.0,
    "NODE_ID": 161570.0,
    "node_dist_m": 0.0,
    "entering_volume": 5092.3321981,
    "n_incoming_links": 2.0,
    "nearest_street": null,
    "daily_bus_passes": 680.0,
    "n_distinct_lines": 52,
    "Rail-affected intersection (network)": 0,
    "lrt-station affected intersection (network)": 0,
    "metro line station - affected intersection (network)": 0,
    "Terminals (network)": 0,
    "score_nataz": 1000,
    "score_metro": 0,
    "score_brt": 0,
    "score_terminal": 0,
    "score_rail": 0,
    "score_lrt": 0,
    "score_bus_passes": 680.0,
    "Bus Lane Directions (capped at 2)": 2.0,
    "score_directions": 500.0,
    "score_road": 2100.0,
    "score_entering_volume": 203.693287924,
    "TOTAL_SCORE": 4483.693287924,
    "Vx_neighbors_included": "",
    "brt_line": "כחול",
    "junction_name": "הרצל צומת ביל\"ו",
    "streets": "הרצל / צומת ביל\"ו",
    "city_clean": "רחובות",
    "status_clean": "קיים",
    "n_junctions_within_200m": 0,
    "junctions_within_200m_fids": "",
    "nearest_brt_junction_fid": 2499,
    "nearest_brt_junction_dist_m": 256.2
   },
   "geometry": {
    "type": "Point",
    "coordinates": [
     183033.8968,
     642068.2734
    ]
   }
  },
  {
   "type": "Feature",
   "properties": {
    "fid": 2499,
    "DISTRICODE": 4.0,
    "DISTRICT": "מרכז,",
    "X": 183005.5622,
    "Y": 642322.8618,
    "DOMAIN": "עירוני,",
    "JUNCTION": ",",
    "STREETROAD": "הגליל / הרצל (412),",
    "CITY": "רחובות,",
    "CITYCODE": 8400.0,
    "TRAFAUTH": ",",
    "AUTHCODE": null,
    "AYALON Code": 12003.0,
    "ID": 764.0,
    "רשות מקומית": ",רחובות",
    "רשות תמרור": ",רחובות",
    "Mantam": 0,
    "Status": ",קיים",
    "name": ",הרצל הגליל",
    "main street": ",הרצל",
    "stree_1": ",הגליל",
    "stree_2": ",כביש 40",
    "street_3": ",",
    "street_4": ",",
    "nataz": ",לא",
    "fast2city": ",לא",
    "blue_line": ",כן",
    "red_line": ",לא",
    "green_line": ",לא",
    "purple_line": ",לא",
    "brown_line": ",לא",
    "DAN_BICYCLE": ",לא",
    "no_project": ",לא",
    "Metronit": ",לא",
    "Auth Code": ",",
    "Fast2City Code": ",",
    "DESCRIPTIO": ",הרצל הגליל",
    "Green_Wave_ID": null,
    "תאריך עדכון אחרון": "07/06/2020 00:00",
    "CLUSTER_ID": 716.0,
    "CLUSTER_SIZE": 1.0,
    "layer": "צמתים מרומזרים — TRAFFIC_LIGHT_JNCTN.shp,רמזורי נתיבי איילון- סופי",
    "path": "/vsizip/M:/Tnua/3119/Documents/TR/מיפוי מרכז/GIS/BACKGROUND/צמתים מרומזרים.zip,M:\\Tnua\\3119\\Documents\\TR\\מיפוי מרכז\\GIS\\MERGED\\רמזורי נתיבי איילון- סופי.gpkg|layername=רמזורי נתיבי איילון- סופי",
    "CLUSTER_ID_2": 2427,
    "CLUSTER_SIZE_2": 2,
    "Existing bus lane": 0,
    "Planned bus lane": 0,
    "Interurban bus lane": 0,
    "Additional bus lanes": 0,
    "Metro line": 1,
    "FUNC_min": 43.0,
    "Road Hierachy": "דרך אזורית",
    "Terminals": 0,
    "TUEDEP_sum": 1078.0,
    "Rail-affected intersection": 0,
    "lrt-station affected intersection": 0,
    "LRT- status": null,
    "LRT": 0,
    "metro line station - affected intersection": 1,
    "BRT - status": null,
    "BRT": "0",
    "No. of Bus Lane Directions": null,
    "NODE_ID": 161460.0,
    "node_dist_m": 0.0,
    "entering_volume": 1561.8211183,
    "n_incoming_links": 3.0,
    "nearest_street": null,
    "daily_bus_passes": 1078.0,
    "n_distinct_lines": 72,
    "Rail-affected intersection (network)": 0,
    "lrt-station affected intersection (network)": 0,
    "metro line station - affected intersection (network)": 0,
    "Terminals (network)": 0,
    "score_nataz": 0,
    "score_metro": 0,
    "score_brt": 0,
    "score_terminal": 0,
    "score_rail": 0,
    "score_lrt": 0,
    "score_bus_passes": 1078.0,
    "Bus Lane Directions (capped at 2)": 0.0,
    "score_directions": 0.0,
    "score_road": 1800.0,
    "score_entering_volume": 62.47284473199999,
    "TOTAL_SCORE": 2940.472844732,
    "Vx_neighbors_included": "",
    "brt_line": "כחול",
    "junction_name": "הרצל הגליל",
    "streets": "הרצל / הגליל / כביש 40",
    "city_clean": "רחובות",
    "status_clean": "קיים",
    "n_junctions_within_200m": 0,
    "junctions_within_200m_fids": "",
    "nearest_brt_junction_fid": 2517,
    "nearest_brt_junction_dist_m": 253.8
   },
   "geometry": {
    "type": "Point",
    "coordinates": [
     183005.5622,
     642322.8618
    ]
   }
  },
  {
   "type": "Feature",
   "properties": {
    "fid": 2500,
    "DISTRICODE": 4.0,
    "DISTRICT": "מרכז,",
    "X": 182953.002,
    "Y": 642815.502,
    "DOMAIN": "עירוני,",
    "JUNCTION": ",",
    "STREETROAD": "הפרדסים / הרצל (412),",
    "CITY": "רחובות,",
    "CITYCODE": 8400.0,
    "TRAFAUTH": ",",
    "AUTHCODE": null,
    "AYALON Code": 12004.0,
    "ID": 765.0,
    "רשות מקומית": ",רחובות",
    "רשות תמרור": ",רחובות",
    "Mantam": 0,
    "Status": ",קיים",
    "name": ",הרצל הפרדסים",
    "main street": ",הרצל",
    "stree_1": ",הפרדסים",
    "stree_2": ",",
    "street_3": ",",
    "street_4": ",",
    "nataz": ",לא",
    "fast2city": ",לא",
    "blue_line": ",כן",
    "red_line": ",לא",
    "green_line": ",לא",
    "purple_line": ",לא",
    "brown_line": ",לא",
    "DAN_BICYCLE": ",לא",
    "no_project": ",לא",
    "Metronit": ",לא",
    "Auth Code": ",",
    "Fast2City Code": ",RH01",
    "DESCRIPTIO": ",הרצל הפרדסים",
    "Green_Wave_ID": null,
    "תאריך עדכון אחרון": "07/06/2020 00:00",
    "CLUSTER_ID": 717.0,
    "CLUSTER_SIZE": 1.0,
    "layer": "צמתים מרומזרים — TRAFFIC_LIGHT_JNCTN.shp,רמזורי נתיבי איילון- סופי",
    "path": "/vsizip/M:/Tnua/3119/Documents/TR/מיפוי מרכז/GIS/BACKGROUND/צמתים מרומזרים.zip,M:\\Tnua\\3119\\Documents\\TR\\מיפוי מרכז\\GIS\\MERGED\\רמזורי נתיבי איילון- סופי.gpkg|layername=רמזורי נתיבי איילון- סופי",
    "CLUSTER_ID_2": 2428,
    "CLUSTER_SIZE_2": 2,
    "Existing bus lane": 0,
    "Planned bus lane": 0,
    "Interurban bus lane": 0,
    "Additional bus lanes": 0,
    "Metro line": 1,
    "FUNC_min": 43.0,
    "Road Hierachy": "דרך אזורית",
    "Terminals": 0,
    "TUEDEP_sum": 1119.0,
    "Rail-affected intersection": 0,
    "lrt-station affected intersection": 0,
    "LRT- status": null,
    "LRT": 0,
    "metro line station - affected intersection": 0,
    "BRT - status": null,
    "BRT": "0",
    "No. of Bus Lane Directions": null,
    "NODE_ID": 161374.0,
    "node_dist_m": 0.0,
    "entering_volume": 1106.54968,
    "n_incoming_links": 3.0,
    "nearest_street": null,
    "daily_bus_passes": 1119.0,
    "n_distinct_lines": 74,
    "Rail-affected intersection (network)": 0,
    "lrt-station affected intersection (network)": 0,
    "metro line station - affected intersection (network)": 0,
    "Terminals (network)": 0,
    "score_nataz": 0,
    "score_metro": 0,
    "score_brt": 0,
    "score_terminal": 0,
    "score_rail": 0,
    "score_lrt": 0,
    "score_bus_passes": 1119.0,
    "Bus Lane Directions (capped at 2)": 0.0,
    "score_directions": 0.0,
    "score_road": 1800.0,
    "score_entering_volume": 44.2619872,
    "TOTAL_SCORE": 2963.2619872,
    "Vx_neighbors_included": "",
    "brt_line": "כחול",
    "junction_name": "הרצל הפרדסים",
    "streets": "הרצל / הפרדסים",
    "city_clean": "רחובות",
    "status_clean": "קיים",
    "n_junctions_within_200m": 0,
    "junctions_within_200m_fids": "",
    "nearest_brt_junction_fid": 2517,
    "nearest_brt_junction_dist_m": 241.7
   },
   "geometry": {
    "type": "Point",
    "coordinates": [
     182953.002,
     642815.502
    ]
   }
  },
  {
   "type": "Feature",
   "properties": {
    "fid": 2501,
    "DISTRICODE": 4.0,
    "DISTRICT": "מרכז,",
    "X": 182910.0234,
    "Y": 643075.0222,
    "DOMAIN": "עירוני,",
    "JUNCTION": ",",
    "STREETROAD": "הרצל (412),",
    "CITY": "רחובות,",
    "CITYCODE": 8400.0,
    "TRAFAUTH": ",",
    "AUTHCODE": null,
    "AYALON Code": 12005.0,
    "ID": 766.0,
    "רשות מקומית": ",רחובות",
    "רשות תמרור": ",רחובות",
    "Mantam": 0,
    "Status": ",קיים",
    "name": ",הרצל קלמן ביאלר",
    "main street": ",הרצל",
    "stree_1": ",קלמן ביאלר",
    "stree_2": ",",
    "street_3": ",",
    "street_4": ",",
    "nataz": ",לא",
    "fast2city": ",לא",
    "blue_line": ",כן",
    "red_line": ",לא",
    "green_line": ",לא",
    "purple_line": ",לא",
    "brown_line": ",לא",
    "DAN_BICYCLE": ",לא",
    "no_project": ",לא",
    "Metronit": ",לא",
    "Auth Code": ",",
    "Fast2City Code": ",RH03",
    "DESCRIPTIO": ",הרצל קלמן ביאלר",
    "Green_Wave_ID": null,
    "תאריך עדכון אחרון": "07/06/2020 00:00",
    "CLUSTER_ID": 718.0,
    "CLUSTER_SIZE": 1.0,
    "layer": "צמתים מרומזרים — TRAFFIC_LIGHT_JNCTN.shp,רמזורי נתיבי איילון- סופי",
    "path": "/vsizip/M:/Tnua/3119/Documents/TR/מיפוי מרכז/GIS/BACKGROUND/צמתים מרומזרים.zip,M:\\Tnua\\3119\\Documents\\TR\\מיפוי מרכז\\GIS\\MERGED\\רמזורי נתיבי איילון- סופי.gpkg|layername=רמזורי נתיבי איילון- סופי",
    "CLUSTER_ID_2": 2429,
    "CLUSTER_SIZE_2": 2,
    "Existing bus lane": 0,
    "Planned bus lane": 0,
    "Interurban bus lane": 0,
    "Additional bus lanes": 0,
    "Metro line": 1,
    "FUNC_min": 43.0,
    "Road Hierachy": "דרך אזורית",
    "Terminals": 0,
    "TUEDEP_sum": 1214.0,
    "Rail-affected intersection": 0,
    "lrt-station affected intersection": 0,
    "LRT- status": null,
    "LRT": 0,
    "metro line station - affected intersection": 1,
    "BRT - status": null,
    "BRT": "0",
    "No. of Bus Lane Directions": null,
    "NODE_ID": 161161.0,
    "node_dist_m": 0.0,
    "entering_volume": 0.0,
    "n_incoming_links": 2.0,
    "nearest_street": null,
    "daily_bus_passes": 1214.0,
    "n_distinct_lines": 77,
    "Rail-affected intersection (network)": 0,
    "lrt-station affected intersection (network)": 0,
    "metro line station - affected intersection (network)": 0,
    "Terminals (network)": 0,
    "score_nataz": 0,
    "score_metro": 0,
    "score_brt": 0,
    "score_terminal": 0,
    "score_rail": 0,
    "score_lrt": 0,
    "score_bus_passes": 1214.0,
    "Bus Lane Directions (capped at 2)": 0.0,
    "score_directions": 0.0,
    "score_road": 1800.0,
    "score_entering_volume": 0.0,
    "TOTAL_SCORE": 3014.0,
    "Vx_neighbors_included": "",
    "brt_line": "כחול",
    "junction_name": "הרצל קלמן ביאלר",
    "streets": "הרצל / קלמן ביאלר",
    "city_clean": "רחובות",
    "status_clean": "קיים",
    "n_junctions_within_200m": 0,
    "junctions_within_200m_fids": "",
    "nearest_brt_junction_fid": 2500,
    "nearest_brt_junction_dist_m": 263.1
   },
   "geometry": {
    "type": "Point",
    "coordinates": [
     182910.0234,
     643075.0222
    ]
   }
  },
  {
   "type": "Feature",
   "properties": {
    "fid": 2502,
    "DISTRICODE": 4.0,
    "DISTRICT": "מרכז,",
    "X": 182767.6097,
    "Y": 643441.5727,
    "DOMAIN": "עירוני,",
    "JUNCTION": ",",
    "STREETROAD": "הקיבוצים / הרצל (412) / יעקובי,",
    "CITY": "רחובות,",
    "CITYCODE": 8400.0,
    "TRAFAUTH": ",",
    "AUTHCODE": null,
    "AYALON Code": 12006.0,
    "ID": 767.0,
    "רשות מקומית": ",רחובות",
    "רשות תמרור": ",רחובות",
    "Mantam": 0,
    "Status": ",קיים",
    "name": ",יעקבי/ שד' הקיבוצים",
    "main street": ",הרצל",
    "stree_1": ",יעקבי יצחק",
    "stree_2": ",שדרת הקיבוצים",
    "street_3": ",",
    "street_4": ",",
    "nataz": ",לא",
    "fast2city": ",לא",
    "blue_line": ",כן",
    "red_line": ",לא",
    "green_line": ",לא",
    "purple_line": ",לא",
    "brown_line": ",לא",
    "DAN_BICYCLE": ",לא",
    "no_project": ",לא",
    "Metronit": ",לא",
    "Auth Code": ",",
    "Fast2City Code": ",RH05",
    "DESCRIPTIO": ",יעקבי/ שד' הקיבוצים",
    "Green_Wave_ID": null,
    "תאריך עדכון אחרון": "07/06/2020 00:00",
    "CLUSTER_ID": 719.0,
    "CLUSTER_SIZE": 1.0,
    "layer": "צמתים מרומזרים — TRAFFIC_LIGHT_JNCTN.shp,רמזורי נתיבי איילון- סופי",
    "path": "/vsizip/M:/Tnua/3119/Documents/TR/מיפוי מרכז/GIS/BACKGROUND/צמתים מרומזרים.zip,M:\\Tnua\\3119\\Documents\\TR\\מיפוי מרכז\\GIS\\MERGED\\רמזורי נתיבי איילון- סופי.gpkg|layername=רמזורי נתיבי איילון- סופי",
    "CLUSTER_ID_2": 2425,
    "CLUSTER_SIZE_2": 2,
    "Existing bus lane": 0,
    "Planned bus lane": 1,
    "Interurban bus lane": 0,
    "Additional bus lanes": 0,
    "Metro line": 1,
    "FUNC_min": 43.0,
    "Road Hierachy": "דרך אזורית",
    "Terminals": 0,
    "TUEDEP_sum": 1411.0,
    "Rail-affected intersection": 0,
    "lrt-station affected intersection": 0,
    "LRT- status": null,
    "LRT": 0,
    "metro line station - affected intersection": 1,
    "BRT - status": null,
    "BRT": "0",
    "No. of Bus Lane Directions": 4.0,
    "NODE_ID": 161270.0,
    "node_dist_m": 0.0,
    "entering_volume": 2163.680221,
    "n_incoming_links": 4.0,
    "nearest_street": "הרצל",
    "daily_bus_passes": 1411.0,
    "n_distinct_lines": 82,
    "Rail-affected intersection (network)": 0,
    "lrt-station affected intersection (network)": 0,
    "metro line station - affected intersection (network)": 1,
    "Terminals (network)": 0,
    "score_nataz": 1000,
    "score_metro": 4000,
    "score_brt": 0,
    "score_terminal": 0,
    "score_rail": 0,
    "score_lrt": 0,
    "score_bus_passes": 1411.0,
    "Bus Lane Directions (capped at 2)": 2.0,
    "score_directions": 500.0,
    "score_road": 1800.0,
    "score_entering_volume": 86.54720884,
    "TOTAL_SCORE": 8797.54720884,
    "Vx_neighbors_included": "FID=2503 (r=175m, score=6990)",
    "brt_line": "כחול",
    "junction_name": "יעקבי/ שד' הקיבוצים",
    "streets": "הרצל / יעקבי יצחק / שדרת הקיבוצים",
    "city_clean": "רחובות",
    "status_clean": "קיים",
    "n_junctions_within_200m": 0,
    "junctions_within_200m_fids": "",
    "nearest_brt_junction_fid": 2503,
    "nearest_brt_junction_dist_m": 170.3
   },
   "geometry": {
    "type": "Point",
    "coordinates": [
     182767.6097,
     643441.5727
    ]
   }
  },
  {
   "type": "Feature",
   "properties": {
    "fid": 2503,
    "DISTRICODE": 4.0,
    "DISTRICT": "מרכז,",
    "X": 182672.2709,
    "Y": 643582.7425,
    "DOMAIN": "עירוני,",
    "JUNCTION": ",",
    "STREETROAD": "הרצל (412) / משה מזרחי,",
    "CITY": "רחובות,",
    "CITYCODE": 8400.0,
    "TRAFAUTH": ",",
    "AUTHCODE": null,
    "AYALON Code": 12007.0,
    "ID": 768.0,
    "רשות מקומית": ",רחובות",
    "רשות תמרור": ",רחובות",
    "Mantam": 0,
    "Status": ",קיים",
    "name": ",הרצל  - מזרחי משה",
    "main street": ",הרצל",
    "stree_1": ",משה מזרחי",
    "stree_2": ",",
    "street_3": ",",
    "street_4": ",",
    "nataz": ",לא",
    "fast2city": ",לא",
    "blue_line": ",כן",
    "red_line": ",לא",
    "green_line": ",לא",
    "purple_line": ",לא",
    "brown_line": ",לא",
    "DAN_BICYCLE": ",לא",
    "no_project": ",לא",
    "Metronit": ",לא",
    "Auth Code": ",",
    "Fast2City Code": ",RH07",
    "DESCRIPTIO": ",הרצל  - מזרחי משה",
    "Green_Wave_ID": null,
    "תאריך עדכון אחרון": "07/06/2020 00:00",
    "CLUSTER_ID": 720.0,
    "CLUSTER_SIZE": 1.0,
    "layer": "צמתים מרומזרים — TRAFFIC_LIGHT_JNCTN.shp,רמזורי נתיבי איילון- סופי",
    "path": "/vsizip/M:/Tnua/3119/Documents/TR/מיפוי מרכז/GIS/BACKGROUND/צמתים מרומזרים.zip,M:\\Tnua\\3119\\Documents\\TR\\מיפוי מרכז\\GIS\\MERGED\\רמזורי נתיבי איילון- סופי.gpkg|layername=רמזורי נתיבי איילון- סופי",
    "CLUSTER_ID_2": 2439,
    "CLUSTER_SIZE_2": 2,
    "Existing bus lane": 0,
    "Planned bus lane": 0,
    "Interurban bus lane": 0,
    "Additional bus lanes": 0,
    "Metro line": 1,
    "FUNC_min": 43.0,
    "Road Hierachy": "דרך אזורית",
    "Terminals": 0,
    "TUEDEP_sum": 1155.0,
    "Rail-affected intersection": 0,
    "lrt-station affected intersection": 0,
    "LRT- status": null,
    "LRT": 0,
    "metro line station - affected intersection": 1,
    "BRT - status": null,
    "BRT": "0",
    "No. of Bus Lane Directions": null,
    "NODE_ID": 161151.0,
    "node_dist_m": 0.0,
    "entering_volume": 864.76724,
    "n_incoming_links": 3.0,
    "nearest_street": "משה מזרחי",
    "daily_bus_passes": 1155.0,
    "n_distinct_lines": 65,
    "Rail-affected intersection (network)": 0,
    "lrt-station affected intersection (network)": 0,
    "metro line station - affected intersection (network)": 1,
    "Terminals (network)": 0,
    "score_nataz": 0,
    "score_metro": 4000,
    "score_brt": 0,
    "score_terminal": 0,
    "score_rail": 0,
    "score_lrt": 0,
    "score_bus_passes": 1155.0,
    "Bus Lane Directions (capped at 2)": 0.0,
    "score_directions": 0.0,
    "score_road": 1800.0,
    "score_entering_volume": 34.5906896,
    "TOTAL_SCORE": 6989.5906896,
    "Vx_neighbors_included": "FID=2502 (r=175m, score=8498); FID=2518 (r=145m, score=6881)",
    "brt_line": "כחול",
    "junction_name": "הרצל  - מזרחי משה",
    "streets": "הרצל / משה מזרחי",
    "city_clean": "רחובות",
    "status_clean": "קיים",
    "n_junctions_within_200m": 0,
    "junctions_within_200m_fids": "",
    "nearest_brt_junction_fid": 2518,
    "nearest_brt_junction_dist_m": 142.3
   },
   "geometry": {
    "type": "Point",
    "coordinates": [
     182672.2709,
     643582.7425
    ]
   }
  },
  {
   "type": "Feature",
   "properties": {
    "fid": 2504,
    "DISTRICODE": 4.0,
    "DISTRICT": "מרכז,",
    "X": 182382.3988,
    "Y": 644321.9703,
    "DOMAIN": "עירוני,",
    "JUNCTION": ",",
    "STREETROAD": "הרצל (412) / עזרא / רחל הרשנזון,",
    "CITY": "רחובות,",
    "CITYCODE": 8400.0,
    "TRAFAUTH": ",",
    "AUTHCODE": null,
    "AYALON Code": 12008.0,
    "ID": 769.0,
    "רשות מקומית": ",רחובות",
    "רשות תמרור": ",רחובות",
    "Mantam": 0,
    "Status": ",קיים",
    "name": ",הרצל - עזרא",
    "main street": ",הרצל",
    "stree_1": ",עזרא",
    "stree_2": ",הרשנזון",
    "street_3": ",",
    "street_4": ",",
    "nataz": ",לא",
    "fast2city": ",לא",
    "blue_line": ",כן",
    "red_line": ",לא",
    "green_line": ",לא",
    "purple_line": ",לא",
    "brown_line": ",לא",
    "DAN_BICYCLE": ",לא",
    "no_project": ",לא",
    "Metronit": ",לא",
    "Auth Code": ",",
    "Fast2City Code": ",",
    "DESCRIPTIO": ",הרצל - עזרא",
    "Green_Wave_ID": null,
    "תאריך עדכון אחרון": "07/06/2020 00:00",
    "CLUSTER_ID": 721.0,
    "CLUSTER_SIZE": 1.0,
    "layer": "צמתים מרומזרים — TRAFFIC_LIGHT_JNCTN.shp,רמזורי נתיבי איילון- סופי",
    "path": "/vsizip/M:/Tnua/3119/Documents/TR/מיפוי מרכז/GIS/BACKGROUND/צמתים מרומזרים.zip,M:\\Tnua\\3119\\Documents\\TR\\מיפוי מרכז\\GIS\\MERGED\\רמזורי נתיבי איילון- סופי.gpkg|layername=רמזורי נתיבי איילון- סופי",
    "CLUSTER_ID_2": 2437,
    "CLUSTER_SIZE_2": 2,
    "Existing bus lane": 0,
    "Planned bus lane": 1,
    "Interurban bus lane": 0,
    "Additional bus lanes": 0,
    "Metro line": 1,
    "FUNC_min": 43.0,
    "Road Hierachy": "דרך אזורית",
    "Terminals": 0,
    "TUEDEP_sum": 1181.0,
    "Rail-affected intersection": 0,
    "lrt-station affected intersection": 0,
    "LRT- status": null,
    "LRT": 0,
    "metro line station - affected intersection": 1,
    "BRT - status": null,
    "BRT": "0",
    "No. of Bus Lane Directions": 4.0,
    "NODE_ID": 161060.0,
    "node_dist_m": 0.0,
    "entering_volume": 1666.4563823,
    "n_incoming_links": 4.0,
    "nearest_street": "הרשזון",
    "daily_bus_passes": 1181.0,
    "n_distinct_lines": 70,
    "Rail-affected intersection (network)": 0,
    "lrt-station affected intersection (network)": 0,
    "metro line station - affected intersection (network)": 1,
    "Terminals (network)": 0,
    "score_nataz": 1000,
    "score_metro": 4000,
    "score_brt": 0,
    "score_terminal": 0,
    "score_rail": 0,
    "score_lrt": 0,
    "score_bus_passes": 1181.0,
    "Bus Lane Directions (capped at 2)": 2.0,
    "score_directions": 500.0,
    "score_road": 1800.0,
    "score_entering_volume": 66.658255292,
    "TOTAL_SCORE": 8547.658255292,
    "Vx_neighbors_included": "FID=2505 (r=193m, score=6984)",
    "brt_line": "כחול",
    "junction_name": "הרצל - עזרא",
    "streets": "הרצל / עזרא / הרשנזון",
    "city_clean": "רחובות",
    "status_clean": "קיים",
    "n_junctions_within_200m": 0,
    "junctions_within_200m_fids": "",
    "nearest_brt_junction_fid": 2505,
    "nearest_brt_junction_dist_m": 191.7
   },
   "geometry": {
    "type": "Point",
    "coordinates": [
     182382.3988,
     644321.9703
    ]
   }
  },
  {
   "type": "Feature",
   "properties": {
    "fid": 2505,
    "DISTRICODE": 4.0,
    "DISTRICT": "מרכז,",
    "X": 182336.3372,
    "Y": 644508.0969,
    "DOMAIN": "עירוני,",
    "JUNCTION": ",",
    "STREETROAD": "בני משה / הרצל (412),",
    "CITY": "רחובות,",
    "CITYCODE": 8400.0,
    "TRAFAUTH": ",",
    "AUTHCODE": null,
    "AYALON Code": 12009.0,
    "ID": 770.0,
    "רשות מקומית": ",רחובות",
    "רשות תמרור": ",רחובות",
    "Mantam": 0,
    "Status": ",קיים",
    "name": ",הרצל - בני משה",
    "main street": ",הרצל",
    "stree_1": ",בני משה",
    "stree_2": ",",
    "street_3": ",",
    "street_4": ",",
    "nataz": ",לא",
    "fast2city": ",לא",
    "blue_line": ",כן",
    "red_line": ",לא",
    "green_line": ",לא",
    "purple_line": ",לא",
    "brown_line": ",לא",
    "DAN_BICYCLE": ",לא",
    "no_project": ",לא",
    "Metronit": ",לא",
    "Auth Code": ",",
    "Fast2City Code": ",RH21",
    "DESCRIPTIO": ",הרצל - בני משה",
    "Green_Wave_ID": null,
    "תאריך עדכון אחרון": "07/06/2020 00:00",
    "CLUSTER_ID": 722.0,
    "CLUSTER_SIZE": 1.0,
    "layer": "צמתים מרומזרים — TRAFFIC_LIGHT_JNCTN.shp,רמזורי נתיבי איילון- סופי",
    "path": "/vsizip/M:/Tnua/3119/Documents/TR/מיפוי מרכז/GIS/BACKGROUND/צמתים מרומזרים.zip,M:\\Tnua\\3119\\Documents\\TR\\מיפוי מרכז\\GIS\\MERGED\\רמזורי נתיבי איילון- סופי.gpkg|layername=רמזורי נתיבי איילון- סופי",
    "CLUSTER_ID_2": 2443,
    "CLUSTER_SIZE_2": 2,
    "Existing bus lane": 0,
    "Planned bus lane": 0,
    "Interurban bus lane": 0,
    "Additional bus lanes": 0,
    "Metro line": 1,
    "FUNC_min": 43.0,
    "Road Hierachy": "דרך אזורית",
    "Terminals": 0,
    "TUEDEP_sum": 1155.0,
    "Rail-affected intersection": 0,
    "lrt-station affected intersection": 0,
    "LRT- status": null,
    "LRT": 0,
    "metro line station - affected intersection": 1,
    "BRT - status": null,
    "BRT": "0",
    "No. of Bus Lane Directions": null,
    "NODE_ID": 161359.0,
    "node_dist_m": 0.0,
    "entering_volume": 729.18057,
    "n_incoming_links": 2.0,
    "nearest_street": "הרצל",
    "daily_bus_passes": 1155.0,
    "n_distinct_lines": 62,
    "Rail-affected intersection (network)": 0,
    "lrt-station affected intersection (network)": 0,
    "metro line station - affected intersection (network)": 1,
    "Terminals (network)": 0,
    "score_nataz": 0,
    "score_metro": 4000,
    "score_brt": 0,
    "score_terminal": 0,
    "score_rail": 0,
    "score_lrt": 0,
    "score_bus_passes": 1155.0,
    "Bus Lane Directions (capped at 2)": 0.0,
    "score_directions": 0.0,
    "score_road": 1800.0,
    "score_entering_volume": 29.1672228,
    "TOTAL_SCORE": 6984.1672228,
    "Vx_neighbors_included": "FID=2506 (r=166m, score=8599); FID=2504 (r=193m, score=8248)",
    "brt_line": "כחול",
    "junction_name": "הרצל - בני משה",
    "streets": "הרצל / בני משה",
    "city_clean": "רחובות",
    "status_clean": "קיים",
    "n_junctions_within_200m": 0,
    "junctions_within_200m_fids": "",
    "nearest_brt_junction_fid": 2506,
    "nearest_brt_junction_dist_m": 171.8
   },
   "geometry": {
    "type": "Point",
    "coordinates": [
     182336.3372,
     644508.0969
    ]
   }
  },
  {
   "type": "Feature",
   "properties": {
    "fid": 2506,
    "DISTRICODE": 4.0,
    "DISTRICT": "מרכז,",
    "X": 182293.3277,
    "Y": 644674.4745,
    "DOMAIN": "עירוני,",
    "JUNCTION": ",",
    "STREETROAD": "בנימין / הרצל (412) / לבקוביץ',",
    "CITY": "רחובות,",
    "CITYCODE": 8400.0,
    "TRAFAUTH": ",",
    "AUTHCODE": null,
    "AYALON Code": 12010.0,
    "ID": 771.0,
    "רשות מקומית": ",רחובות",
    "רשות תמרור": ",רחובות",
    "Mantam": 0,
    "Status": ",קיים",
    "name": ",הרצל - בנימין/ לבקוביץ'",
    "main street": ",הרצל",
    "stree_1": ",בנימין",
    "stree_2": ",לבקוביץ'",
    "street_3": ",",
    "street_4": ",",
    "nataz": ",לא",
    "fast2city": ",לא",
    "blue_line": ",כן",
    "red_line": ",לא",
    "green_line": ",לא",
    "purple_line": ",לא",
    "brown_line": ",לא",
    "DAN_BICYCLE": ",לא",
    "no_project": ",לא",
    "Metronit": ",לא",
    "Auth Code": ",",
    "Fast2City Code": ",RH23",
    "DESCRIPTIO": ",הרצל - בנימין/ לבקוביץ'",
    "Green_Wave_ID": null,
    "תאריך עדכון אחרון": "07/06/2020 00:00",
    "CLUSTER_ID": 723.0,
    "CLUSTER_SIZE": 1.0,
    "layer": "צמתים מרומזרים — TRAFFIC_LIGHT_JNCTN.shp,רמזורי נתיבי איילון- סופי",
    "path": "/vsizip/M:/Tnua/3119/Documents/TR/מיפוי מרכז/GIS/BACKGROUND/צמתים מרומזרים.zip,M:\\Tnua\\3119\\Documents\\TR\\מיפוי מרכז\\GIS\\MERGED\\רמזורי נתיבי איילון- סופי.gpkg|layername=רמזורי נתיבי איילון- סופי",
    "CLUSTER_ID_2": 2445,
    "CLUSTER_SIZE_2": 2,
    "Existing bus lane": 0,
    "Planned bus lane": 1,
    "Interurban bus lane": 0,
    "Additional bus lanes": 0,
    "Metro line": 1,
    "FUNC_min": 43.0,
    "Road Hierachy": "דרך אזורית",
    "Terminals": 0,
    "TUEDEP_sum": 1524.0,
    "Rail-affected intersection": 0,
    "lrt-station affected intersection": 0,
    "LRT- status": null,
    "LRT": 0,
    "metro line station - affected intersection": 1,
    "BRT - status": null,
    "BRT": "0",
    "No. of Bus Lane Directions": 2.0,
    "NODE_ID": 161010.0,
    "node_dist_m": 0.0,
    "entering_volume": 1874.531462,
    "n_incoming_links": 4.0,
    "nearest_street": "הרצל",
    "daily_bus_passes": 1524.0,
    "n_distinct_lines": 78,
    "Rail-affected intersection (network)": 0,
    "lrt-station affected intersection (network)": 0,
    "metro line station - affected intersection (network)": 1,
    "Terminals (network)": 0,
    "score_nataz": 1000,
    "score_metro": 4000,
    "score_brt": 0,
    "score_terminal": 0,
    "score_rail": 0,
    "score_lrt": 0,
    "score_bus_passes": 1524.0,
    "Bus Lane Directions (capped at 2)": 2.0,
    "score_directions": 500.0,
    "score_road": 1800.0,
    "score_entering_volume": 74.98125848,
    "TOTAL_SCORE": 8898.98125848,
    "Vx_neighbors_included": "FID=2507 (r=169m, score=7192); FID=2505 (r=166m, score=6984)",
    "brt_line": "כחול",
    "junction_name": "הרצל - בנימין/ לבקוביץ'",
    "streets": "הרצל / בנימין / לבקוביץ'",
    "city_clean": "רחובות",
    "status_clean": "קיים",
    "n_junctions_within_200m": 0,
    "junctions_within_200m_fids": "",
    "nearest_brt_junction_fid": 2507,
    "nearest_brt_junction_dist_m": 165.4
   },
   "geometry": {
    "type": "Point",
    "coordinates": [
     182293.3277,
     644674.4745
    ]
   }
  },
  {
   "type": "Feature",
   "properties": {
    "fid": 2507,
    "DISTRICODE": 4.0,
    "DISTRICT": "מרכז,",
    "X": 182255.7872,
    "Y": 644835.5098,
    "DOMAIN": "עירוני,",
    "JUNCTION": ",",
    "STREETROAD": "הרצל (412) / יעקב / ישראל טלר,",
    "CITY": "רחובות,",
    "CITYCODE": 8400.0,
    "TRAFAUTH": ",",
    "AUTHCODE": null,
    "AYALON Code": 12011.0,
    "ID": 772.0,
    "רשות מקומית": ",רחובות",
    "רשות תמרור": ",רחובות",
    "Mantam": 0,
    "Status": ",קיים",
    "name": ",יעקב/ ישראל טלר",
    "main street": ",הרצל",
    "stree_1": ",יעקב",
    "stree_2": ",טלר",
    "street_3": ",",
    "street_4": ",",
    "nataz": ",לא",
    "fast2city": ",לא",
    "blue_line": ",כן",
    "red_line": ",לא",
    "green_line": ",לא",
    "purple_line": ",לא",
    "brown_line": ",לא",
    "DAN_BICYCLE": ",לא",
    "no_project": ",לא",
    "Metronit": ",לא",
    "Auth Code": ",",
    "Fast2City Code": ",RH24",
    "DESCRIPTIO": ",יעקב/ ישראל טלר",
    "Green_Wave_ID": null,
    "תאריך עדכון אחרון": "07/06/2020 00:00",
    "CLUSTER_ID": 724.0,
    "CLUSTER_SIZE": 1.0,
    "layer": "צמתים מרומזרים — TRAFFIC_LIGHT_JNCTN.shp,רמזורי נתיבי איילון- סופי",
    "path": "/vsizip/M:/Tnua/3119/Documents/TR/מיפוי מרכז/GIS/BACKGROUND/צמתים מרומזרים.zip,M:\\Tnua\\3119\\Documents\\TR\\מיפוי מרכז\\GIS\\MERGED\\רמזורי נתיבי איילון- סופי.gpkg|layername=רמזורי נתיבי איילון- סופי",
    "CLUSTER_ID_2": 2444,
    "CLUSTER_SIZE_2": 2,
    "Existing bus lane": 0,
    "Planned bus lane": 0,
    "Interurban bus lane": 0,
    "Additional bus lanes": 0,
    "Metro line": 1,
    "FUNC_min": 43.0,
    "Road Hierachy": "דרך אזורית",
    "Terminals": 0,
    "TUEDEP_sum": 1376.0,
    "Rail-affected intersection": 0,
    "lrt-station affected intersection": 0,
    "LRT- status": null,
    "LRT": 0,
    "metro line station - affected intersection": 1,
    "BRT - status": null,
    "BRT": "0",
    "No. of Bus Lane Directions": null,
    "NODE_ID": 161078.0,
    "node_dist_m": 0.0,
    "entering_volume": 397.15272,
    "n_incoming_links": 2.0,
    "nearest_street": "הרצל",
    "daily_bus_passes": 1376.0,
    "n_distinct_lines": 75,
    "Rail-affected intersection (network)": 0,
    "lrt-station affected intersection (network)": 0,
    "metro line station - affected intersection (network)": 1,
    "Terminals (network)": 0,
    "score_nataz": 0,
    "score_metro": 4000,
    "score_brt": 0,
    "score_terminal": 0,
    "score_rail": 0,
    "score_lrt": 0,
    "score_bus_passes": 1376.0,
    "Bus Lane Directions (capped at 2)": 0.0,
    "score_directions": 0.0,
    "score_road": 1800.0,
    "score_entering_volume": 15.8861088,
    "TOTAL_SCORE": 7191.8861088,
    "Vx_neighbors_included": "FID=2506 (r=169m, score=8599); FID=2508 (r=183m, score=7416)",
    "brt_line": "כחול",
    "junction_name": "יעקב/ ישראל טלר",
    "streets": "הרצל / יעקב / טלר",
    "city_clean": "רחובות",
    "status_clean": "קיים",
    "n_junctions_within_200m": 0,
    "junctions_within_200m_fids": "",
    "nearest_brt_junction_fid": 2506,
    "nearest_brt_junction_dist_m": 165.4
   },
   "geometry": {
    "type": "Point",
    "coordinates": [
     182255.7872,
     644835.5098
    ]
   }
  },
  {
   "type": "Feature",
   "properties": {
    "fid": 2508,
    "DISTRICODE": 4.0,
    "DISTRICT": "מרכז,",
    "X": 182213.0868,
    "Y": 645008.0964,
    "DOMAIN": "עירוני,",
    "JUNCTION": ",",
    "STREETROAD": "בית הפועלים / בני ברית / הרצל (412),",
    "CITY": "רחובות,",
    "CITYCODE": 8400.0,
    "TRAFAUTH": ",",
    "AUTHCODE": null,
    "AYALON Code": 12012.0,
    "ID": 773.0,
    "רשות מקומית": ",רחובות",
    "רשות תמרור": ",רחובות",
    "Mantam": 0,
    "Status": ",קיים",
    "name": ",בית הפועלים",
    "main street": ",הרצל",
    "stree_1": ",בית הפועלים",
    "stree_2": ",",
    "street_3": ",",
    "street_4": ",",
    "nataz": ",לא",
    "fast2city": ",לא",
    "blue_line": ",כן",
    "red_line": ",לא",
    "green_line": ",לא",
    "purple_line": ",לא",
    "brown_line": ",לא",
    "DAN_BICYCLE": ",לא",
    "no_project": ",לא",
    "Metronit": ",לא",
    "Auth Code": ",",
    "Fast2City Code": ",RH25",
    "DESCRIPTIO": ",בית הפועלים",
    "Green_Wave_ID": null,
    "תאריך עדכון אחרון": "07/06/2020 00:00",
    "CLUSTER_ID": 725.0,
    "CLUSTER_SIZE": 1.0,
    "layer": "צמתים מרומזרים — TRAFFIC_LIGHT_JNCTN.shp,רמזורי נתיבי איילון- סופי",
    "path": "/vsizip/M:/Tnua/3119/Documents/TR/מיפוי מרכז/GIS/BACKGROUND/צמתים מרומזרים.zip,M:\\Tnua\\3119\\Documents\\TR\\מיפוי מרכז\\GIS\\MERGED\\רמזורי נתיבי איילון- סופי.gpkg|layername=רמזורי נתיבי איילון- סופי",
    "CLUSTER_ID_2": 2447,
    "CLUSTER_SIZE_2": 2,
    "Existing bus lane": 0,
    "Planned bus lane": 0,
    "Interurban bus lane": 0,
    "Additional bus lanes": 0,
    "Metro line": 1,
    "FUNC_min": 43.0,
    "Road Hierachy": "דרך אזורית",
    "Terminals": 0,
    "TUEDEP_sum": 1584.0,
    "Rail-affected intersection": 0,
    "lrt-station affected intersection": 0,
    "LRT- status": null,
    "LRT": 0,
    "metro line station - affected intersection": 1,
    "BRT - status": null,
    "BRT": "0",
    "No. of Bus Lane Directions": null,
    "NODE_ID": 161023.0,
    "node_dist_m": 0.0,
    "entering_volume": 802.82987,
    "n_incoming_links": 2.0,
    "nearest_street": "הרצל",
    "daily_bus_passes": 1584.0,
    "n_distinct_lines": 82,
    "Rail-affected intersection (network)": 0,
    "lrt-station affected intersection (network)": 0,
    "metro line station - affected intersection (network)": 1,
    "Terminals (network)": 0,
    "score_nataz": 0,
    "score_metro": 4000,
    "score_brt": 0,
    "score_terminal": 0,
    "score_rail": 0,
    "score_lrt": 0,
    "score_bus_passes": 1584.0,
    "Bus Lane Directions (capped at 2)": 0.0,
    "score_directions": 0.0,
    "score_road": 1800.0,
    "score_entering_volume": 32.1131948,
    "TOTAL_SCORE": 7416.1131948,
    "Vx_neighbors_included": "FID=2507 (r=183m, score=7192); FID=2509 (r=187m, score=3350)",
    "brt_line": "כחול",
    "junction_name": "בית הפועלים",
    "streets": "הרצל / בית הפועלים",
    "city_clean": "רחובות",
    "status_clean": "קיים",
    "n_junctions_within_200m": 0,
    "junctions_within_200m_fids": "",
    "nearest_brt_junction_fid": 2507,
    "nearest_brt_junction_dist_m": 177.8
   },
   "geometry": {
    "type": "Point",
    "coordinates": [
     182213.0868,
     645008.0964
    ]
   }
  },
  {
   "type": "Feature",
   "properties": {
    "fid": 2509,
    "DISTRICODE": 4.0,
    "DISTRICT": "מרכז,",
    "X": 182168.5198,
    "Y": 645187.2326,
    "DOMAIN": "עירוני,",
    "JUNCTION": ",",
    "STREETROAD": "הרצל (412) / חיים וייצמן,",
    "CITY": "רחובות,",
    "CITYCODE": 8400.0,
    "TRAFAUTH": ",",
    "AUTHCODE": null,
    "AYALON Code": 12013.0,
    "ID": 774.0,
    "רשות מקומית": ",רחובות",
    "רשות תמרור": ",רחובות",
    "Mantam": 0,
    "Status": ",קיים",
    "name": ",ויצמן הרצל",
    "main street": ",הרצל",
    "stree_1": ",ויצמן",
    "stree_2": ",",
    "street_3": ",",
    "street_4": ",",
    "nataz": ",לא",
    "fast2city": ",לא",
    "blue_line": ",כן",
    "red_line": ",לא",
    "green_line": ",לא",
    "purple_line": ",לא",
    "brown_line": ",לא",
    "DAN_BICYCLE": ",לא",
    "no_project": ",לא",
    "Metronit": ",לא",
    "Auth Code": ",",
    "Fast2City Code": ",RH26",
    "DESCRIPTIO": ",ויצמן הרצל",
    "Green_Wave_ID": null,
    "תאריך עדכון אחרון": "07/06/2020 00:00",
    "CLUSTER_ID": 726.0,
    "CLUSTER_SIZE": 1.0,
    "layer": "צמתים מרומזרים — TRAFFIC_LIGHT_JNCTN.shp,רמזורי נתיבי איילון- סופי",
    "path": "/vsizip/M:/Tnua/3119/Documents/TR/מיפוי מרכז/GIS/BACKGROUND/צמתים מרומזרים.zip,M:\\Tnua\\3119\\Documents\\TR\\מיפוי מרכז\\GIS\\MERGED\\רמזורי נתיבי איילון- סופי.gpkg|layername=רמזורי נתיבי איילון- סופי",
    "CLUSTER_ID_2": 2446,
    "CLUSTER_SIZE_2": 2,
    "Existing bus lane": 0,
    "Planned bus lane": 0,
    "Interurban bus lane": 0,
    "Additional bus lanes": 0,
    "Metro line": 1,
    "FUNC_min": 43.0,
    "Road Hierachy": "דרך אזורית",
    "Terminals": 0,
    "TUEDEP_sum": 1538.0,
    "Rail-affected intersection": 0,
    "lrt-station affected intersection": 0,
    "LRT- status": null,
    "LRT": 0,
    "metro line station - affected intersection": 0,
    "BRT - status": null,
    "BRT": "0",
    "No. of Bus Lane Directions": null,
    "NODE_ID": 161076.0,
    "node_dist_m": 0.0,
    "entering_volume": 299.08578,
    "n_incoming_links": 2.0,
    "nearest_street": "הרצל",
    "daily_bus_passes": 1538.0,
    "n_distinct_lines": 79,
    "Rail-affected intersection (network)": 0,
    "lrt-station affected intersection (network)": 0,
    "metro line station - affected intersection (network)": 0,
    "Terminals (network)": 0,
    "score_nataz": 0,
    "score_metro": 0,
    "score_brt": 0,
    "score_terminal": 0,
    "score_rail": 0,
    "score_lrt": 0,
    "score_bus_passes": 1538.0,
    "Bus Lane Directions (capped at 2)": 0.0,
    "score_directions": 0.0,
    "score_road": 1800.0,
    "score_entering_volume": 11.9634312,
    "TOTAL_SCORE": 3349.9634312,
    "Vx_neighbors_included": "FID=2508 (r=187m, score=7416); FID=2510 (r=195m, score=3360)",
    "brt_line": "כחול",
    "junction_name": "ויצמן הרצל",
    "streets": "הרצל / ויצמן",
    "city_clean": "רחובות",
    "status_clean": "קיים",
    "n_junctions_within_200m": 0,
    "junctions_within_200m_fids": "",
    "nearest_brt_junction_fid": 2508,
    "nearest_brt_junction_dist_m": 184.6
   },
   "geometry": {
    "type": "Point",
    "coordinates": [
     182168.5198,
     645187.2326
    ]
   }
  },
  {
   "type": "Feature",
   "properties": {
    "fid": 2510,
    "DISTRICODE": 4.0,
    "DISTRICT": "מרכז,",
    "X": 182095.9646,
    "Y": 645369.465,
    "DOMAIN": "עירוני,",
    "JUNCTION": ",",
    "STREETROAD": "אהרון אייזנברג / הרצל (412),",
    "CITY": "רחובות,",
    "CITYCODE": 8400.0,
    "TRAFAUTH": ",",
    "AUTHCODE": null,
    "AYALON Code": 12014.0,
    "ID": 775.0,
    "רשות מקומית": ",רחובות",
    "רשות תמרור": ",רחובות",
    "Mantam": 0,
    "Status": ",קיים",
    "name": ",הרצל איזנברג",
    "main street": ",הרצל",
    "stree_1": ",איזנברג",
    "stree_2": ",",
    "street_3": ",",
    "street_4": ",",
    "nataz": ",לא",
    "fast2city": ",לא",
    "blue_line": ",כן",
    "red_line": ",לא",
    "green_line": ",לא",
    "purple_line": ",לא",
    "brown_line": ",לא",
    "DAN_BICYCLE": ",לא",
    "no_project": ",לא",
    "Metronit": ",לא",
    "Auth Code": ",",
    "Fast2City Code": ",RH28",
    "DESCRIPTIO": ",הרצל איזנברג",
    "Green_Wave_ID": null,
    "תאריך עדכון אחרון": "07/06/2020 00:00",
    "CLUSTER_ID": 727.0,
    "CLUSTER_SIZE": 1.0,
    "layer": "צמתים מרומזרים — TRAFFIC_LIGHT_JNCTN.shp,רמזורי נתיבי איילון- סופי",
    "path": "/vsizip/M:/Tnua/3119/Documents/TR/מיפוי מרכז/GIS/BACKGROUND/צמתים מרומזרים.zip,M:\\Tnua\\3119\\Documents\\TR\\מיפוי מרכז\\GIS\\MERGED\\רמזורי נתיבי איילון- סופי.gpkg|layername=רמזורי נתיבי איילון- סופי",
    "CLUSTER_ID_2": 2458,
    "CLUSTER_SIZE_2": 2,
    "Existing bus lane": 0,
    "Planned bus lane": 0,
    "Interurban bus lane": 0,
    "Additional bus lanes": 0,
    "Metro line": 1,
    "FUNC_min": 43.0,
    "Road Hierachy": "דרך אזורית",
    "Terminals": 0,
    "TUEDEP_sum": 1538.0,
    "Rail-affected intersection": 0,
    "lrt-station affected intersection": 0,
    "LRT- status": null,
    "LRT": 0,
    "metro line station - affected intersection": 0,
    "BRT - status": null,
    "BRT": "0",
    "No. of Bus Lane Directions": null,
    "NODE_ID": 161071.0,
    "node_dist_m": 0.0,
    "entering_volume": 547.28577,
    "n_incoming_links": 2.0,
    "nearest_street": null,
    "daily_bus_passes": 1538.0,
    "n_distinct_lines": 79,
    "Rail-affected intersection (network)": 0,
    "lrt-station affected intersection (network)": 0,
    "metro line station - affected intersection (network)": 0,
    "Terminals (network)": 0,
    "score_nataz": 0,
    "score_metro": 0,
    "score_brt": 0,
    "score_terminal": 0,
    "score_rail": 0,
    "score_lrt": 0,
    "score_bus_passes": 1538.0,
    "Bus Lane Directions (capped at 2)": 0.0,
    "score_directions": 0.0,
    "score_road": 1800.0,
    "score_entering_volume": 21.8914308,
    "TOTAL_SCORE": 3359.8914308,
    "Vx_neighbors_included": "FID=2511 (r=76m, score=3409); FID=2509 (r=195m, score=3350)",
    "brt_line": "כחול",
    "junction_name": "הרצל איזנברג",
    "streets": "הרצל / איזנברג",
    "city_clean": "רחובות",
    "status_clean": "קיים",
    "n_junctions_within_200m": 0,
    "junctions_within_200m_fids": "",
    "nearest_brt_junction_fid": 2511,
    "nearest_brt_junction_dist_m": 79.6
   },
   "geometry": {
    "type": "Point",
    "coordinates": [
     182095.9646,
     645369.465
    ]
   }
  },
  {
   "type": "Feature",
   "properties": {
    "fid": 2511,
    "DISTRICODE": 4.0,
    "DISTRICT": "מרכז,",
    "X": 182063.9728,
    "Y": 645442.3247,
    "DOMAIN": "עירוני,",
    "JUNCTION": ",",
    "STREETROAD": "א.ד. גורדון / הרצל (412),",
    "CITY": "רחובות,",
    "CITYCODE": 8400.0,
    "TRAFAUTH": ",",
    "AUTHCODE": null,
    "AYALON Code": 12015.0,
    "ID": 776.0,
    "רשות מקומית": ",רחובות",
    "רשות תמרור": ",רחובות",
    "Mantam": 0,
    "Status": ",קיים",
    "name": ",א.ד גורדון",
    "main street": ",הרצל",
    "stree_1": ",גורדון",
    "stree_2": ",",
    "street_3": ",",
    "street_4": ",",
    "nataz": ",לא",
    "fast2city": ",לא",
    "blue_line": ",כן",
    "red_line": ",לא",
    "green_line": ",לא",
    "purple_line": ",לא",
    "brown_line": ",לא",
    "DAN_BICYCLE": ",לא",
    "no_project": ",לא",
    "Metronit": ",לא",
    "Auth Code": ",",
    "Fast2City Code": ",RH29",
    "DESCRIPTIO": ",א.ד גורדון",
    "Green_Wave_ID": null,
    "תאריך עדכון אחרון": "07/06/2020 00:00",
    "CLUSTER_ID": 728.0,
    "CLUSTER_SIZE": 1.0,
    "layer": "צמתים מרומזרים — TRAFFIC_LIGHT_JNCTN.shp,רמזורי נתיבי איילון- סופי",
    "path": "/vsizip/M:/Tnua/3119/Documents/TR/מיפוי מרכז/GIS/BACKGROUND/צמתים מרומזרים.zip,M:\\Tnua\\3119\\Documents\\TR\\מיפוי מרכז\\GIS\\MERGED\\רמזורי נתיבי איילון- סופי.gpkg|layername=רמזורי נתיבי איילון- סופי",
    "CLUSTER_ID_2": 2459,
    "CLUSTER_SIZE_2": 2,
    "Existing bus lane": 0,
    "Planned bus lane": 0,
    "Interurban bus lane": 0,
    "Additional bus lanes": 0,
    "Metro line": 1,
    "FUNC_min": 43.0,
    "Road Hierachy": "דרך אזורית",
    "Terminals": 0,
    "TUEDEP_sum": 1566.0,
    "Rail-affected intersection": 0,
    "lrt-station affected intersection": 0,
    "LRT- status": null,
    "LRT": 0,
    "metro line station - affected intersection": 0,
    "BRT - status": null,
    "BRT": "0",
    "No. of Bus Lane Directions": null,
    "NODE_ID": 161054.0,
    "node_dist_m": 0.0,
    "entering_volume": 1081.8814,
    "n_incoming_links": 3.0,
    "nearest_street": null,
    "daily_bus_passes": 1566.0,
    "n_distinct_lines": 83,
    "Rail-affected intersection (network)": 1,
    "lrt-station affected intersection (network)": 0,
    "metro line station - affected intersection (network)": 0,
    "Terminals (network)": 0,
    "score_nataz": 0,
    "score_metro": 0,
    "score_brt": 0,
    "score_terminal": 0,
    "score_rail": 8000,
    "score_lrt": 0,
    "score_bus_passes": 1566.0,
    "Bus Lane Directions (capped at 2)": 0.0,
    "score_directions": 0.0,
    "score_road": 1800.0,
    "score_entering_volume": 43.275256,
    "TOTAL_SCORE": 11409.275256,
    "Vx_neighbors_included": "FID=2512 (r=180m, score=15413); FID=2510 (r=76m, score=3360)",
    "brt_line": "כחול",
    "junction_name": "א.ד גורדון",
    "streets": "הרצל / גורדון",
    "city_clean": "רחובות",
    "status_clean": "קיים",
    "n_junctions_within_200m": 0,
    "junctions_within_200m_fids": "",
    "nearest_brt_junction_fid": 2510,
    "nearest_brt_junction_dist_m": 79.6
   },
   "geometry": {
    "type": "Point",
    "coordinates": [
     182063.9728,
     645442.3247
    ]
   }
  },
  {
   "type": "Feature",
   "properties": {
    "fid": 2512,
    "DISTRICODE": 4.0,
    "DISTRICT": "מרכז,",
    "X": 181993.6117,
    "Y": 645602.705,
    "DOMAIN": "עירוני,",
    "JUNCTION": ",",
    "STREETROAD": "הנשיא הראשון / הרצל (412),",
    "CITY": "רחובות,",
    "CITYCODE": 8400.0,
    "TRAFAUTH": ",",
    "AUTHCODE": null,
    "AYALON Code": 12016.0,
    "ID": 777.0,
    "רשות מקומית": ",רחובות",
    "רשות תמרור": ",רחובות",
    "Mantam": 0,
    "Status": ",קיים",
    "name": ",הרצל - הנשיא הראשון",
    "main street": ",הרצל",
    "stree_1": ",הנשיא הראשון",
    "stree_2": ",",
    "street_3": ",",
    "street_4": ",",
    "nataz": ",לא",
    "fast2city": ",לא",
    "blue_line": ",כן",
    "red_line": ",לא",
    "green_line": ",לא",
    "purple_line": ",לא",
    "brown_line": ",לא",
    "DAN_BICYCLE": ",לא",
    "no_project": ",לא",
    "Metronit": ",לא",
    "Auth Code": ",",
    "Fast2City Code": ",RH30",
    "DESCRIPTIO": ",הרצל - הנשיא הראשון",
    "Green_Wave_ID": null,
    "תאריך עדכון אחרון": "07/06/2020 00:00",
    "CLUSTER_ID": 729.0,
    "CLUSTER_SIZE": 1.0,
    "layer": "צמתים מרומזרים — TRAFFIC_LIGHT_JNCTN.shp,רמזורי נתיבי איילון- סופי",
    "path": "/vsizip/M:/Tnua/3119/Documents/TR/מיפוי מרכז/GIS/BACKGROUND/צמתים מרומזרים.zip,M:\\Tnua\\3119\\Documents\\TR\\מיפוי מרכז\\GIS\\MERGED\\רמזורי נתיבי איילון- סופי.gpkg|layername=רמזורי נתיבי איילון- סופי",
    "CLUSTER_ID_2": 2449,
    "CLUSTER_SIZE_2": 2,
    "Existing bus lane": 0,
    "Planned bus lane": 0,
    "Interurban bus lane": 0,
    "Additional bus lanes": 0,
    "Metro line": 1,
    "FUNC_min": 43.0,
    "Road Hierachy": "דרך אזורית",
    "Terminals": 0,
    "TUEDEP_sum": 1544.0,
    "Rail-affected intersection": 1,
    "lrt-station affected intersection": 0,
    "LRT- status": null,
    "LRT": 0,
    "metro line station - affected intersection": 1,
    "BRT - status": null,
    "BRT": "0",
    "No. of Bus Lane Directions": null,
    "NODE_ID": 161220.0,
    "node_dist_m": 0.0,
    "entering_volume": 1715.4927,
    "n_incoming_links": 2.0,
    "nearest_street": null,
    "daily_bus_passes": 1544.0,
    "n_distinct_lines": 86,
    "Rail-affected intersection (network)": 1,
    "lrt-station affected intersection (network)": 0,
    "metro line station - affected intersection (network)": 1,
    "Terminals (network)": 0,
    "score_nataz": 0,
    "score_metro": 4000,
    "score_brt": 0,
    "score_terminal": 0,
    "score_rail": 8000,
    "score_lrt": 0,
    "score_bus_passes": 1544.0,
    "Bus Lane Directions (capped at 2)": 0.0,
    "score_directions": 0.0,
    "score_road": 1800.0,
    "score_entering_volume": 68.619708,
    "TOTAL_SCORE": 15412.619708,
    "Vx_neighbors_included": "FID=2513 (r=92m, score=16486); FID=2511 (r=180m, score=3409)",
    "brt_line": "כחול",
    "junction_name": "הרצל - הנשיא הראשון",
    "streets": "הרצל / הנשיא הראשון",
    "city_clean": "רחובות",
    "status_clean": "קיים",
    "n_junctions_within_200m": 0,
    "junctions_within_200m_fids": "",
    "nearest_brt_junction_fid": 2513,
    "nearest_brt_junction_dist_m": 93.2
   },
   "geometry": {
    "type": "Point",
    "coordinates": [
     181993.6117,
     645602.705
    ]
   }
  },
  {
   "type": "Feature",
   "properties": {
    "fid": 2513,
    "DISTRICODE": 4.0,
    "DISTRICT": "מרכז,",
    "X": 181950.1158,
    "Y": 645685.1435,
    "DOMAIN": "עירוני,",
    "JUNCTION": ",",
    "STREETROAD": "הרצל (412) / יבנה (410) / מרכוס זיו,",
    "CITY": "רחובות,",
    "CITYCODE": 8400.0,
    "TRAFAUTH": ",",
    "AUTHCODE": null,
    "AYALON Code": 12017.0,
    "ID": 778.0,
    "רשות מקומית": ",רחובות",
    "רשות תמרור": ",רחובות",
    "Mantam": 0,
    "Status": ",קיים",
    "name": ",הרצל - יבנה",
    "main street": ",הרצל",
    "stree_1": ",דרך יבנה",
    "stree_2": ",מכון ויצמן",
    "street_3": ",",
    "street_4": ",",
    "nataz": ",לא",
    "fast2city": ",לא",
    "blue_line": ",כן",
    "red_line": ",לא",
    "green_line": ",לא",
    "purple_line": ",לא",
    "brown_line": ",לא",
    "DAN_BICYCLE": ",לא",
    "no_project": ",לא",
    "Metronit": ",לא",
    "Auth Code": ",",
    "Fast2City Code": ",RH40",
    "DESCRIPTIO": ",הרצל - יבנה",
    "Green_Wave_ID": null,
    "תאריך עדכון אחרון": "07/06/2020 00:00",
    "CLUSTER_ID": 730.0,
    "CLUSTER_SIZE": 1.0,
    "layer": "צמתים מרומזרים — TRAFFIC_LIGHT_JNCTN.shp,רמזורי נתיבי איילון- סופי",
    "path": "/vsizip/M:/Tnua/3119/Documents/TR/מיפוי מרכז/GIS/BACKGROUND/צמתים מרומזרים.zip,M:\\Tnua\\3119\\Documents\\TR\\מיפוי מרכז\\GIS\\MERGED\\רמזורי נתיבי איילון- סופי.gpkg|layername=רמזורי נתיבי איילון- סופי",
    "CLUSTER_ID_2": 2450,
    "CLUSTER_SIZE_2": 2,
    "Existing bus lane": 0,
    "Planned bus lane": 1,
    "Interurban bus lane": 0,
    "Additional bus lanes": 0,
    "Metro line": 1,
    "FUNC_min": 43.0,
    "Road Hierachy": "דרך אזורית",
    "Terminals": 0,
    "TUEDEP_sum": 1346.0,
    "Rail-affected intersection": 1,
    "lrt-station affected intersection": 0,
    "LRT- status": null,
    "LRT": 0,
    "metro line station - affected intersection": 1,
    "BRT - status": null,
    "BRT": "0",
    "No. of Bus Lane Directions": 2.0,
    "NODE_ID": 161350.0,
    "node_dist_m": 0.0,
    "entering_volume": 3497.002841,
    "n_incoming_links": 4.0,
    "nearest_street": "הרצל",
    "daily_bus_passes": 1346.0,
    "n_distinct_lines": 81,
    "Rail-affected intersection (network)": 1,
    "lrt-station affected intersection (network)": 0,
    "metro line station - affected intersection (network)": 1,
    "Terminals (network)": 0,
    "score_nataz": 1000,
    "score_metro": 4000,
    "score_brt": 0,
    "score_terminal": 0,
    "score_rail": 8000,
    "score_lrt": 0,
    "score_bus_passes": 1346.0,
    "Bus Lane Directions (capped at 2)": 2.0,
    "score_directions": 500.0,
    "score_road": 1800.0,
    "score_entering_volume": 139.88011364,
    "TOTAL_SCORE": 16785.88011364,
    "Vx_neighbors_included": "FID=2512 (r=92m, score=15413); FID=2522 (r=150m, score=15115)",
    "brt_line": "כחול",
    "junction_name": "הרצל - יבנה",
    "streets": "הרצל / דרך יבנה / מכון ויצמן",
    "city_clean": "רחובות",
    "status_clean": "קיים",
    "n_junctions_within_200m": 0,
    "junctions_within_200m_fids": "",
    "nearest_brt_junction_fid": 2512,
    "nearest_brt_junction_dist_m": 93.2
   },
   "geometry": {
    "type": "Point",
    "coordinates": [
     181950.1158,
     645685.1435
    ]
   }
  },
  {
   "type": "Feature",
   "properties": {
    "fid": 2514,
    "DISTRICODE": 4.0,
    "DISTRICT": "מרכז,",
    "X": 181775.369,
    "Y": 645985.5172,
    "DOMAIN": "עירוני,",
    "JUNCTION": ",",
    "STREETROAD": "בלוך / הרצל (412),",
    "CITY": "רחובות,",
    "CITYCODE": 8400.0,
    "TRAFAUTH": ",",
    "AUTHCODE": null,
    "AYALON Code": 12018.0,
    "ID": 779.0,
    "רשות מקומית": ",רחובות",
    "רשות תמרור": ",רחובות",
    "Mantam": 0,
    "Status": ",קיים",
    "name": ",הרצל - ברודי",
    "main street": ",הרצל",
    "stree_1": ",ברודי",
    "stree_2": ",האונבירסיטה העברית",
    "street_3": ",הפקולטה לחקלאות",
    "street_4": ",",
    "nataz": ",לא",
    "fast2city": ",לא",
    "blue_line": ",כן",
    "red_line": ",לא",
    "green_line": ",לא",
    "purple_line": ",לא",
    "brown_line": ",לא",
    "DAN_BICYCLE": ",לא",
    "no_project": ",לא",
    "Metronit": ",לא",
    "Auth Code": ",",
    "Fast2City Code": ",RH41",
    "DESCRIPTIO": ",הרצל - ברודי",
    "Green_Wave_ID": null,
    "תאריך עדכון אחרון": "07/06/2020 00:00",
    "CLUSTER_ID": 731.0,
    "CLUSTER_SIZE": 1.0,
    "layer": "צמתים מרומזרים — TRAFFIC_LIGHT_JNCTN.shp,רמזורי נתיבי איילון- סופי",
    "path": "/vsizip/M:/Tnua/3119/Documents/TR/מיפוי מרכז/GIS/BACKGROUND/צמתים מרומזרים.zip,M:\\Tnua\\3119\\Documents\\TR\\מיפוי מרכז\\GIS\\MERGED\\רמזורי נתיבי איילון- סופי.gpkg|layername=רמזורי נתיבי איילון- סופי",
    "CLUSTER_ID_2": 2451,
    "CLUSTER_SIZE_2": 2,
    "Existing bus lane": 0,
    "Planned bus lane": 0,
    "Interurban bus lane": 0,
    "Additional bus lanes": 0,
    "Metro line": 1,
    "FUNC_min": 43.0,
    "Road Hierachy": "דרך אזורית",
    "Terminals": 0,
    "TUEDEP_sum": 1217.0,
    "Rail-affected intersection": 1,
    "lrt-station affected intersection": 0,
    "LRT- status": null,
    "LRT": 0,
    "metro line station - affected intersection": 1,
    "BRT - status": null,
    "BRT": "0",
    "No. of Bus Lane Directions": null,
    "NODE_ID": 161351.0,
    "node_dist_m": 0.0,
    "entering_volume": 2978.084298,
    "n_incoming_links": 4.0,
    "nearest_street": "הרצל",
    "daily_bus_passes": 1217.0,
    "n_distinct_lines": 78,
    "Rail-affected intersection (network)": 1,
    "lrt-station affected intersection (network)": 0,
    "metro line station - affected intersection (network)": 1,
    "Terminals (network)": 0,
    "score_nataz": 0,
    "score_metro": 4000,
    "score_brt": 0,
    "score_terminal": 0,
    "score_rail": 8000,
    "score_lrt": 0,
    "score_bus_passes": 1217.0,
    "Bus Lane Directions (capped at 2)": 0.0,
    "score_directions": 0.0,
    "score_road": 1800.0,
    "score_entering_volume": 119.12337192,
    "TOTAL_SCORE": 15136.12337192,
    "Vx_neighbors_included": "FID=2522 (r=198m, score=15115)",
    "brt_line": "כחול",
    "junction_name": "הרצל - ברודי",
    "streets": "הרצל / ברודי / האונבירסיטה העברית / הפקולטה לחקלאות",
    "city_clean": "רחובות",
    "status_clean": "קיים",
    "n_junctions_within_200m": 0,
    "junctions_within_200m_fids": "",
    "nearest_brt_junction_fid": 2523,
    "nearest_brt_junction_dist_m": 182.0
   },
   "geometry": {
    "type": "Point",
    "coordinates": [
     181775.369,
     645985.5172
    ]
   }
  },
  {
   "type": "Feature",
   "properties": {
    "fid": 2515,
    "DISTRICODE": 4.0,
    "DISTRICT": "מרכז,",
    "X": 181619.9829,
    "Y": 646402.8101,
    "DOMAIN": "עירוני,",
    "JUNCTION": ",",
    "STREETROAD": "הרצל (412) / פרופ' הלל וחנן אופנהיימר,",
    "CITY": "רחובות,",
    "CITYCODE": 8400.0,
    "TRAFAUTH": ",",
    "AUTHCODE": null,
    "AYALON Code": 12019.0,
    "ID": 780.0,
    "רשות מקומית": ",רחובות",
    "רשות תמרור": ",רחובות",
    "Mantam": 0,
    "Status": ",קיים",
    "name": ",הרצל - אופנהיימר",
    "main street": ",הרצל",
    "stree_1": ",אופנהיימר",
    "stree_2": ",",
    "street_3": ",",
    "street_4": ",",
    "nataz": ",לא",
    "fast2city": ",לא",
    "blue_line": ",כן",
    "red_line": ",לא",
    "green_line": ",לא",
    "purple_line": ",לא",
    "brown_line": ",לא",
    "DAN_BICYCLE": ",לא",
    "no_project": ",לא",
    "Metronit": ",לא",
    "Auth Code": ",",
    "Fast2City Code": ",RH36",
    "DESCRIPTIO": ",הרצל - אופנהיימר",
    "Green_Wave_ID": null,
    "תאריך עדכון אחרון": "07/06/2020 00:00",
    "CLUSTER_ID": 732.0,
    "CLUSTER_SIZE": 1.0,
    "layer": "צמתים מרומזרים — TRAFFIC_LIGHT_JNCTN.shp,רמזורי נתיבי איילון- סופי",
    "path": "/vsizip/M:/Tnua/3119/Documents/TR/מיפוי מרכז/GIS/BACKGROUND/צמתים מרומזרים.zip,M:\\Tnua\\3119\\Documents\\TR\\מיפוי מרכז\\GIS\\MERGED\\רמזורי נתיבי איילון- סופי.gpkg|layername=רמזורי נתיבי איילון- סופי",
    "CLUSTER_ID_2": 2454,
    "CLUSTER_SIZE_2": 2,
    "Existing bus lane": 0,
    "Planned bus lane": 0,
    "Interurban bus lane": 0,
    "Additional bus lanes": 0,
    "Metro line": 1,
    "FUNC_min": 43.0,
    "Road Hierachy": "דרך אזורית",
    "Terminals": 1,
    "TUEDEP_sum": 1046.0,
    "Rail-affected intersection": 1,
    "lrt-station affected intersection": 0,
    "LRT- status": null,
    "LRT": 0,
    "metro line station - affected intersection": 1,
    "BRT - status": "השלמת בדיקת ישימות",
    "BRT": "1",
    "No. of Bus Lane Directions": null,
    "NODE_ID": null,
    "node_dist_m": null,
    "entering_volume": null,
    "n_incoming_links": null,
    "nearest_street": null,
    "daily_bus_passes": 1046.0,
    "n_distinct_lines": 65,
    "Rail-affected intersection (network)": 1,
    "lrt-station affected intersection (network)": 0,
    "metro line station - affected intersection (network)": 1,
    "Terminals (network)": 0,
    "score_nataz": 0,
    "score_metro": 4000,
    "score_brt": 1000,
    "score_terminal": 0,
    "score_rail": 8000,
    "score_lrt": 0,
    "score_bus_passes": 1046.0,
    "Bus Lane Directions (capped at 2)": 0.0,
    "score_directions": 0.0,
    "score_road": 1800.0,
    "score_entering_volume": 0.0,
    "TOTAL_SCORE": 15846.0,
    "Vx_neighbors_included": "FID=1614 (r=140m, score=12747)",
    "brt_line": "כחול",
    "junction_name": "הרצל - אופנהיימר",
    "streets": "הרצל / אופנהיימר",
    "city_clean": "רחובות",
    "status_clean": "קיים",
    "n_junctions_within_200m": 1,
    "junctions_within_200m_fids": "1614",
    "nearest_brt_junction_fid": 2516,
    "nearest_brt_junction_dist_m": 228.5
   },
   "geometry": {
    "type": "Point",
    "coordinates": [
     181619.9829,
     646402.8101
    ]
   }
  },
  {
   "type": "Feature",
   "properties": {
    "fid": 2516,
    "DISTRICODE": 4.0,
    "DISTRICT": "מרכז,",
    "X": 181483.5093,
    "Y": 646586.0602,
    "DOMAIN": "עירוני,",
    "JUNCTION": ",",
    "STREETROAD": "אצ''ל / המדע / הרצל (412) / וייצמן (412),",
    "CITY": "רחובות,",
    "CITYCODE": 8400.0,
    "TRAFAUTH": ",",
    "AUTHCODE": null,
    "AYALON Code": 12020.0,
    "ID": 781.0,
    "רשות מקומית": ",רחובות",
    "רשות תמרור": ",רחובות",
    "Mantam": 0,
    "Status": ",קיים",
    "name": ",הרצל - אצ\"ל",
    "main street": ",הרצל",
    "stree_1": ",דרך האצ\"ל",
    "stree_2": ",המדע",
    "street_3": ",ויצמן",
    "street_4": ",",
    "nataz": ",לא",
    "fast2city": ",לא",
    "blue_line": ",כן",
    "red_line": ",לא",
    "green_line": ",לא",
    "purple_line": ",לא",
    "brown_line": ",לא",
    "DAN_BICYCLE": ",לא",
    "no_project": ",לא",
    "Metronit": ",לא",
    "Auth Code": ",",
    "Fast2City Code": ",RH38",
    "DESCRIPTIO": ",הרצל - אצ\"ל",
    "Green_Wave_ID": null,
    "תאריך עדכון אחרון": "07/06/2020 00:00",
    "CLUSTER_ID": 733.0,
    "CLUSTER_SIZE": 1.0,
    "layer": "צמתים מרומזרים — TRAFFIC_LIGHT_JNCTN.shp,רמזורי נתיבי איילון- סופי",
    "path": "/vsizip/M:/Tnua/3119/Documents/TR/מיפוי מרכז/GIS/BACKGROUND/צמתים מרומזרים.zip,M:\\Tnua\\3119\\Documents\\TR\\מיפוי מרכז\\GIS\\MERGED\\רמזורי נתיבי איילון- סופי.gpkg|layername=רמזורי נתיבי איילון- סופי",
    "CLUSTER_ID_2": 2453,
    "CLUSTER_SIZE_2": 2,
    "Existing bus lane": 0,
    "Planned bus lane": 1,
    "Interurban bus lane": 0,
    "Additional bus lanes": 0,
    "Metro line": 1,
    "FUNC_min": 43.0,
    "Road Hierachy": "דרך אזורית",
    "Terminals": 0,
    "TUEDEP_sum": 1072.0,
    "Rail-affected intersection": 1,
    "lrt-station affected intersection": 0,
    "LRT- status": null,
    "LRT": 0,
    "metro line station - affected intersection": 1,
    "BRT - status": null,
    "BRT": "0",
    "No. of Bus Lane Directions": 2.0,
    "NODE_ID": 161410.0,
    "node_dist_m": 0.0,
    "entering_volume": 3190.13006,
    "n_incoming_links": 3.0,
    "nearest_street": null,
    "daily_bus_passes": 1072.0,
    "n_distinct_lines": 68,
    "Rail-affected intersection (network)": 1,
    "lrt-station affected intersection (network)": 0,
    "metro line station - affected intersection (network)": 0,
    "Terminals (network)": 0,
    "score_nataz": 1000,
    "score_metro": 0,
    "score_brt": 0,
    "score_terminal": 0,
    "score_rail": 8000,
    "score_lrt": 0,
    "score_bus_passes": 1072.0,
    "Bus Lane Directions (capped at 2)": 2.0,
    "score_directions": 500.0,
    "score_road": 1800.0,
    "score_entering_volume": 127.6052024,
    "TOTAL_SCORE": 12499.6052024,
    "Vx_neighbors_included": "",
    "brt_line": "כחול",
    "junction_name": "הרצל - אצ\"ל",
    "streets": "הרצל / דרך האצ\"ל / המדע / ויצמן",
    "city_clean": "רחובות",
    "status_clean": "קיים",
    "n_junctions_within_200m": 1,
    "junctions_within_200m_fids": "2529",
    "nearest_brt_junction_fid": 2515,
    "nearest_brt_junction_dist_m": 228.5
   },
   "geometry": {
    "type": "Point",
    "coordinates": [
     181483.5093,
     646586.0602
    ]
   }
  },
  {
   "type": "Feature",
   "properties": {
    "fid": 2517,
    "DISTRICODE": null,
    "DISTRICT": null,
    "X": 182974.9651,
    "Y": 642574.8429,
    "DOMAIN": null,
    "JUNCTION": null,
    "STREETROAD": null,
    "CITY": null,
    "CITYCODE": null,
    "TRAFAUTH": null,
    "AUTHCODE": null,
    "AYALON Code": 12021.0,
    "ID": 782.0,
    "רשות מקומית": "רחובות",
    "רשות תמרור": "רחובות",
    "Mantam": 0,
    "Status": "בתכנון",
    "name": "הירדן",
    "main street": "הרצל",
    "stree_1": "הירדן",
    "stree_2": null,
    "street_3": null,
    "street_4": null,
    "nataz": "לא",
    "fast2city": "לא",
    "blue_line": "כן",
    "red_line": "לא",
    "green_line": "לא",
    "purple_line": "לא",
    "brown_line": "לא",
    "DAN_BICYCLE": "לא",
    "no_project": "לא",
    "Metronit": "לא",
    "Auth Code": null,
    "Fast2City Code": "RH39",
    "DESCRIPTIO": "הירדן",
    "Green_Wave_ID": null,
    "תאריך עדכון אחרון": "07/06/2020 00:00",
    "CLUSTER_ID": 734.0,
    "CLUSTER_SIZE": 1.0,
    "layer": "רמזורי נתיבי איילון- סופי",
    "path": "M:\\Tnua\\3119\\Documents\\TR\\מיפוי מרכז\\GIS\\MERGED\\רמזורי נתיבי איילון- סופי.gpkg|layername=רמזורי נתיבי איילון- סופי",
    "CLUSTER_ID_2": 3299,
    "CLUSTER_SIZE_2": 1,
    "Existing bus lane": 0,
    "Planned bus lane": 0,
    "Interurban bus lane": 0,
    "Additional bus lanes": 0,
    "Metro line": 1,
    "FUNC_min": 43.0,
    "Road Hierachy": "דרך אזורית",
    "Terminals": 0,
    "TUEDEP_sum": 1119.0,
    "Rail-affected intersection": 0,
    "lrt-station affected intersection": 0,
    "LRT- status": null,
    "LRT": 0,
    "metro line station - affected intersection": 0,
    "BRT - status": null,
    "BRT": "0",
    "No. of Bus Lane Directions": null,
    "NODE_ID": 161219.0,
    "node_dist_m": 0.0,
    "entering_volume": 554.4714393,
    "n_incoming_links": 3.0,
    "nearest_street": "הרצל",
    "daily_bus_passes": 1119.0,
    "n_distinct_lines": 74,
    "Rail-affected intersection (network)": 0,
    "lrt-station affected intersection (network)": 0,
    "metro line station - affected intersection (network)": 0,
    "Terminals (network)": 0,
    "score_nataz": 0,
    "score_metro": 0,
    "score_brt": 0,
    "score_terminal": 0,
    "score_rail": 0,
    "score_lrt": 0,
    "score_bus_passes": 1119.0,
    "Bus Lane Directions (capped at 2)": 0.0,
    "score_directions": 0.0,
    "score_road": 1800.0,
    "score_entering_volume": 22.178857572000002,
    "TOTAL_SCORE": 2941.178857572,
    "Vx_neighbors_included": "",
    "brt_line": "כחול",
    "junction_name": "הירדן",
    "streets": "הרצל / הירדן",
    "city_clean": "ראשון לציון",
    "status_clean": "בתכנון",
    "n_junctions_within_200m": 0,
    "junctions_within_200m_fids": "",
    "nearest_brt_junction_fid": 2500,
    "nearest_brt_junction_dist_m": 241.7
   },
   "geometry": {
    "type": "Point",
    "coordinates": [
     182974.9651,
     642574.8429
    ]
   }
  },
  {
   "type": "Feature",
   "properties": {
    "fid": 2518,
    "DISTRICODE": null,
    "DISTRICT": null,
    "X": 182581.4848,
    "Y": 643692.3303,
    "DOMAIN": null,
    "JUNCTION": null,
    "STREETROAD": null,
    "CITY": null,
    "CITYCODE": null,
    "TRAFAUTH": null,
    "AUTHCODE": null,
    "AYALON Code": 12022.0,
    "ID": 783.0,
    "רשות מקומית": "רחובות",
    "רשות תמרור": "רחובות",
    "Mantam": 0,
    "Status": "בתכנון",
    "name": "אבן עזרא",
    "main street": "הרצל",
    "stree_1": "אבן עזרא",
    "stree_2": null,
    "street_3": null,
    "street_4": null,
    "nataz": "לא",
    "fast2city": "לא",
    "blue_line": "כן",
    "red_line": "לא",
    "green_line": "לא",
    "purple_line": "לא",
    "brown_line": "לא",
    "DAN_BICYCLE": "לא",
    "no_project": "לא",
    "Metronit": "לא",
    "Auth Code": null,
    "Fast2City Code": "RH09",
    "DESCRIPTIO": "אבן עזרא",
    "Green_Wave_ID": null,
    "תאריך עדכון אחרון": "07/06/2020 00:00",
    "CLUSTER_ID": 735.0,
    "CLUSTER_SIZE": 1.0,
    "layer": "רמזורי נתיבי איילון- סופי",
    "path": "M:\\Tnua\\3119\\Documents\\TR\\מיפוי מרכז\\GIS\\MERGED\\רמזורי נתיבי איילון- סופי.gpkg|layername=רמזורי נתיבי איילון- סופי",
    "CLUSTER_ID_2": 3300,
    "CLUSTER_SIZE_2": 1,
    "Existing bus lane": 0,
    "Planned bus lane": 0,
    "Interurban bus lane": 0,
    "Additional bus lanes": 0,
    "Metro line": 1,
    "FUNC_min": 43.0,
    "Road Hierachy": "דרך אזורית",
    "Terminals": 0,
    "TUEDEP_sum": 1042.0,
    "Rail-affected intersection": 0,
    "lrt-station affected intersection": 0,
    "LRT- status": null,
    "LRT": 0,
    "metro line station - affected intersection": 1,
    "BRT - status": null,
    "BRT": "0",
    "No. of Bus Lane Directions": null,
    "NODE_ID": 161367.0,
    "node_dist_m": 0.0,
    "entering_volume": 967.393952,
    "n_incoming_links": 3.0,
    "nearest_street": null,
    "daily_bus_passes": 1042.0,
    "n_distinct_lines": 56,
    "Rail-affected intersection (network)": 0,
    "lrt-station affected intersection (network)": 0,
    "metro line station - affected intersection (network)": 1,
    "Terminals (network)": 0,
    "score_nataz": 0,
    "score_metro": 4000,
    "score_brt": 0,
    "score_terminal": 0,
    "score_rail": 0,
    "score_lrt": 0,
    "score_bus_passes": 1042.0,
    "Bus Lane Directions (capped at 2)": 0.0,
    "score_directions": 0.0,
    "score_road": 1800.0,
    "score_entering_volume": 38.69575808,
    "TOTAL_SCORE": 6880.69575808,
    "Vx_neighbors_included": "FID=2519 (r=111m, score=6892); FID=2503 (r=145m, score=6990)",
    "brt_line": "כחול",
    "junction_name": "אבן עזרא",
    "streets": "הרצל / אבן עזרא",
    "city_clean": "ראשון לציון",
    "status_clean": "בתכנון",
    "n_junctions_within_200m": 0,
    "junctions_within_200m_fids": "",
    "nearest_brt_junction_fid": 2519,
    "nearest_brt_junction_dist_m": 116.2
   },
   "geometry": {
    "type": "Point",
    "coordinates": [
     182581.4848,
     643692.3303
    ]
   }
  },
  {
   "type": "Feature",
   "properties": {
    "fid": 2519,
    "DISTRICODE": 4.0,
    "DISTRICT": "מרכז,",
    "X": 182553.1952,
    "Y": 643805.058,
    "DOMAIN": "עירוני,",
    "JUNCTION": ",",
    "STREETROAD": "אברבנאל / הרצל (412) / יהודה הלוי,",
    "CITY": "רחובות,",
    "CITYCODE": 8400.0,
    "TRAFAUTH": ",",
    "AUTHCODE": null,
    "AYALON Code": 12023.0,
    "ID": 784.0,
    "רשות מקומית": ",רחובות",
    "רשות תמרור": ",רחובות",
    "Mantam": 0,
    "Status": ",בתכנון",
    "name": ",הרצל - אברבנל",
    "main street": ",הרצל",
    "stree_1": ",אברבנל",
    "stree_2": ",",
    "street_3": ",",
    "street_4": ",",
    "nataz": ",לא",
    "fast2city": ",לא",
    "blue_line": ",כן",
    "red_line": ",לא",
    "green_line": ",לא",
    "purple_line": ",לא",
    "brown_line": ",לא",
    "DAN_BICYCLE": ",לא",
    "no_project": ",לא",
    "Metronit": ",לא",
    "Auth Code": ",",
    "Fast2City Code": ",RH11",
    "DESCRIPTIO": ",הרצל - אברבנל",
    "Green_Wave_ID": null,
    "תאריך עדכון אחרון": "07/06/2020 00:00",
    "CLUSTER_ID": 736.0,
    "CLUSTER_SIZE": 1.0,
    "layer": "צמתים מרומזרים — TRAFFIC_LIGHT_JNCTN.shp,רמזורי נתיבי איילון- סופי",
    "path": "/vsizip/M:/Tnua/3119/Documents/TR/מיפוי מרכז/GIS/BACKGROUND/צמתים מרומזרים.zip,M:\\Tnua\\3119\\Documents\\TR\\מיפוי מרכז\\GIS\\MERGED\\רמזורי נתיבי איילון- סופי.gpkg|layername=רמזורי נתיבי איילון- סופי",
    "CLUSTER_ID_2": 2438,
    "CLUSTER_SIZE_2": 2,
    "Existing bus lane": 0,
    "Planned bus lane": 0,
    "Interurban bus lane": 0,
    "Additional bus lanes": 0,
    "Metro line": 1,
    "FUNC_min": 43.0,
    "Road Hierachy": "דרך אזורית",
    "Terminals": 0,
    "TUEDEP_sum": 1042.0,
    "Rail-affected intersection": 0,
    "lrt-station affected intersection": 0,
    "LRT- status": null,
    "LRT": 0,
    "metro line station - affected intersection": 1,
    "BRT - status": null,
    "BRT": "0",
    "No. of Bus Lane Directions": null,
    "NODE_ID": 161160.0,
    "node_dist_m": 0.0,
    "entering_volume": 1254.51536,
    "n_incoming_links": 3.0,
    "nearest_street": "הרצל",
    "daily_bus_passes": 1042.0,
    "n_distinct_lines": 56,
    "Rail-affected intersection (network)": 0,
    "lrt-station affected intersection (network)": 0,
    "metro line station - affected intersection (network)": 1,
    "Terminals (network)": 0,
    "score_nataz": 0,
    "score_metro": 4000,
    "score_brt": 0,
    "score_terminal": 0,
    "score_rail": 0,
    "score_lrt": 0,
    "score_bus_passes": 1042.0,
    "Bus Lane Directions (capped at 2)": 0.0,
    "score_directions": 0.0,
    "score_road": 1800.0,
    "score_entering_volume": 50.1806144,
    "TOTAL_SCORE": 6892.1806144,
    "Vx_neighbors_included": "FID=2518 (r=111m, score=6881); FID=2520 (r=121m, score=6880)",
    "brt_line": "כחול",
    "junction_name": "הרצל - אברבנל",
    "streets": "הרצל / אברבנל",
    "city_clean": "רחובות",
    "status_clean": "בתכנון",
    "n_junctions_within_200m": 0,
    "junctions_within_200m_fids": "",
    "nearest_brt_junction_fid": 2520,
    "nearest_brt_junction_dist_m": 115.0
   },
   "geometry": {
    "type": "Point",
    "coordinates": [
     182553.1952,
     643805.058
    ]
   }
  },
  {
   "type": "Feature",
   "properties": {
    "fid": 2520,
    "DISTRICODE": null,
    "DISTRICT": null,
    "X": 182496.5111,
    "Y": 643905.1177,
    "DOMAIN": null,
    "JUNCTION": null,
    "STREETROAD": null,
    "CITY": null,
    "CITYCODE": null,
    "TRAFAUTH": null,
    "AUTHCODE": null,
    "AYALON Code": 12024.0,
    "ID": 785.0,
    "רשות מקומית": "רחובות",
    "רשות תמרור": "רחובות",
    "Mantam": 0,
    "Status": "בתכנון",
    "name": "בר כוכבא",
    "main street": "הרצל",
    "stree_1": "בר כוכבא",
    "stree_2": null,
    "street_3": null,
    "street_4": null,
    "nataz": "לא",
    "fast2city": "לא",
    "blue_line": "כן",
    "red_line": "לא",
    "green_line": "לא",
    "purple_line": "לא",
    "brown_line": "לא",
    "DAN_BICYCLE": "לא",
    "no_project": "לא",
    "Metronit": "לא",
    "Auth Code": null,
    "Fast2City Code": "RH14",
    "DESCRIPTIO": "בר כוכבא",
    "Green_Wave_ID": null,
    "תאריך עדכון אחרון": "07/06/2020 00:00",
    "CLUSTER_ID": 737.0,
    "CLUSTER_SIZE": 1.0,
    "layer": "רמזורי נתיבי איילון- סופי",
    "path": "M:\\Tnua\\3119\\Documents\\TR\\מיפוי מרכז\\GIS\\MERGED\\רמזורי נתיבי איילון- סופי.gpkg|layername=רמזורי נתיבי איילון- סופי",
    "CLUSTER_ID_2": 3301,
    "CLUSTER_SIZE_2": 1,
    "Existing bus lane": 0,
    "Planned bus lane": 0,
    "Interurban bus lane": 0,
    "Additional bus lanes": 0,
    "Metro line": 1,
    "FUNC_min": 43.0,
    "Road Hierachy": "דרך אזורית",
    "Terminals": 0,
    "TUEDEP_sum": 1042.0,
    "Rail-affected intersection": 0,
    "lrt-station affected intersection": 0,
    "LRT- status": null,
    "LRT": 0,
    "metro line station - affected intersection": 1,
    "BRT - status": null,
    "BRT": "0",
    "No. of Bus Lane Directions": null,
    "NODE_ID": 161092.0,
    "node_dist_m": 0.0,
    "entering_volume": 952.01537,
    "n_incoming_links": 3.0,
    "nearest_street": "הרצל",
    "daily_bus_passes": 1042.0,
    "n_distinct_lines": 56,
    "Rail-affected intersection (network)": 0,
    "lrt-station affected intersection (network)": 0,
    "metro line station - affected intersection (network)": 1,
    "Terminals (network)": 0,
    "score_nataz": 0,
    "score_metro": 4000,
    "score_brt": 0,
    "score_terminal": 0,
    "score_rail": 0,
    "score_lrt": 0,
    "score_bus_passes": 1042.0,
    "Bus Lane Directions (capped at 2)": 0.0,
    "score_directions": 0.0,
    "score_road": 1800.0,
    "score_entering_volume": 38.0806148,
    "TOTAL_SCORE": 6880.0806148,
    "Vx_neighbors_included": "FID=2519 (r=121m, score=6892); FID=2521 (r=157m, score=2874)",
    "brt_line": "כחול",
    "junction_name": "בר כוכבא",
    "streets": "הרצל / בר כוכבא",
    "city_clean": "ראשון לציון",
    "status_clean": "בתכנון",
    "n_junctions_within_200m": 0,
    "junctions_within_200m_fids": "",
    "nearest_brt_junction_fid": 2519,
    "nearest_brt_junction_dist_m": 115.0
   },
   "geometry": {
    "type": "Point",
    "coordinates": [
     182496.5111,
     643905.1177
    ]
   }
  },
  {
   "type": "Feature",
   "properties": {
    "fid": 2521,
    "DISTRICODE": 4.0,
    "DISTRICT": "מרכז,",
    "X": 182460.8286,
    "Y": 644060.1014,
    "DOMAIN": "עירוני,",
    "JUNCTION": ",",
    "STREETROAD": "הרצל (412) / סעדיה גאון / שלום שבזי,",
    "CITY": "רחובות,",
    "CITYCODE": 8400.0,
    "TRAFAUTH": ",",
    "AUTHCODE": null,
    "AYALON Code": 12025.0,
    "ID": 786.0,
    "רשות מקומית": ",רחובות",
    "רשות תמרור": ",רחובות",
    "Mantam": 0,
    "Status": ",בתכנון",
    "name": ",הרצל - שבזי",
    "main street": ",הרצל",
    "stree_1": ",הרב שלום שבזי",
    "stree_2": ",סעדיה גאון",
    "street_3": ",",
    "street_4": ",",
    "nataz": ",לא",
    "fast2city": ",לא",
    "blue_line": ",כן",
    "red_line": ",לא",
    "green_line": ",לא",
    "purple_line": ",לא",
    "brown_line": ",לא",
    "DAN_BICYCLE": ",לא",
    "no_project": ",לא",
    "Metronit": ",לא",
    "Auth Code": ",",
    "Fast2City Code": ",RH15",
    "DESCRIPTIO": ",הרצל - שבזי",
    "Green_Wave_ID": null,
    "תאריך עדכון אחרון": "07/06/2020 00:00",
    "CLUSTER_ID": 738.0,
    "CLUSTER_SIZE": 1.0,
    "layer": "צמתים מרומזרים — TRAFFIC_LIGHT_JNCTN.shp,רמזורי נתיבי איילון- סופי",
    "path": "/vsizip/M:/Tnua/3119/Documents/TR/מיפוי מרכז/GIS/BACKGROUND/צמתים מרומזרים.zip,M:\\Tnua\\3119\\Documents\\TR\\מיפוי מרכז\\GIS\\MERGED\\רמזורי נתיבי איילון- סופי.gpkg|layername=רמזורי נתיבי איילון- סופי",
    "CLUSTER_ID_2": 2440,
    "CLUSTER_SIZE_2": 2,
    "Existing bus lane": 0,
    "Planned bus lane": 0,
    "Interurban bus lane": 0,
    "Additional bus lanes": 0,
    "Metro line": 1,
    "FUNC_min": 43.0,
    "Road Hierachy": "דרך אזורית",
    "Terminals": 0,
    "TUEDEP_sum": 1042.0,
    "Rail-affected intersection": 0,
    "lrt-station affected intersection": 0,
    "LRT- status": null,
    "LRT": 0,
    "metro line station - affected intersection": 0,
    "BRT - status": null,
    "BRT": "0",
    "No. of Bus Lane Directions": null,
    "NODE_ID": 161361.0,
    "node_dist_m": 0.0,
    "entering_volume": 806.1362,
    "n_incoming_links": 4.0,
    "nearest_street": "הרצל",
    "daily_bus_passes": 1042.0,
    "n_distinct_lines": 56,
    "Rail-affected intersection (network)": 0,
    "lrt-station affected intersection (network)": 0,
    "metro line station - affected intersection (network)": 0,
    "Terminals (network)": 0,
    "score_nataz": 0,
    "score_metro": 0,
    "score_brt": 0,
    "score_terminal": 0,
    "score_rail": 0,
    "score_lrt": 0,
    "score_bus_passes": 1042.0,
    "Bus Lane Directions (capped at 2)": 0.0,
    "score_directions": 0.0,
    "score_road": 1800.0,
    "score_entering_volume": 32.245448,
    "TOTAL_SCORE": 2874.245448,
    "Vx_neighbors_included": "FID=2520 (r=157m, score=6880)",
    "brt_line": "כחול",
    "junction_name": "הרצל - שבזי",
    "streets": "הרצל / הרב שלום שבזי / סעדיה גאון",
    "city_clean": "רחובות",
    "status_clean": "בתכנון",
    "n_junctions_within_200m": 0,
    "junctions_within_200m_fids": "",
    "nearest_brt_junction_fid": 2520,
    "nearest_brt_junction_dist_m": 159.0
   },
   "geometry": {
    "type": "Point",
    "coordinates": [
     182460.8286,
     644060.1014
    ]
   }
  },
  {
   "type": "Feature",
   "properties": {
    "fid": 2522,
    "DISTRICODE": null,
    "DISTRICT": null,
    "X": 181849.4156,
    "Y": 645795.2636,
    "DOMAIN": null,
    "JUNCTION": null,
    "STREETROAD": null,
    "CITY": null,
    "CITYCODE": null,
    "TRAFAUTH": null,
    "AUTHCODE": null,
    "AYALON Code": 12026.0,
    "ID": 787.0,
    "רשות מקומית": "רחובות",
    "רשות תמרור": "רחובות",
    "Mantam": 0,
    "Status": "בתכנון",
    "name": "יהושע חנקין",
    "main street": "הרצל",
    "stree_1": "חנקין",
    "stree_2": null,
    "street_3": null,
    "street_4": null,
    "nataz": "לא",
    "fast2city": "לא",
    "blue_line": "כן",
    "red_line": "לא",
    "green_line": "לא",
    "purple_line": "לא",
    "brown_line": "לא",
    "DAN_BICYCLE": "לא",
    "no_project": "לא",
    "Metronit": "לא",
    "Auth Code": null,
    "Fast2City Code": "RH31",
    "DESCRIPTIO": "יהושע חנקין",
    "Green_Wave_ID": null,
    "תאריך עדכון אחרון": "07/06/2020 00:00",
    "CLUSTER_ID": 739.0,
    "CLUSTER_SIZE": 1.0,
    "layer": "רמזורי נתיבי איילון- סופי",
    "path": "M:\\Tnua\\3119\\Documents\\TR\\מיפוי מרכז\\GIS\\MERGED\\רמזורי נתיבי איילון- סופי.gpkg|layername=רמזורי נתיבי איילון- סופי",
    "CLUSTER_ID_2": 3302,
    "CLUSTER_SIZE_2": 1,
    "Existing bus lane": 0,
    "Planned bus lane": 0,
    "Interurban bus lane": 0,
    "Additional bus lanes": 0,
    "Metro line": 1,
    "FUNC_min": 43.0,
    "Road Hierachy": "דרך אזורית",
    "Terminals": 0,
    "TUEDEP_sum": 1215.0,
    "Rail-affected intersection": 1,
    "lrt-station affected intersection": 0,
    "LRT- status": null,
    "LRT": 0,
    "metro line station - affected intersection": 1,
    "BRT - status": null,
    "BRT": "0",
    "No. of Bus Lane Directions": null,
    "NODE_ID": 161352.0,
    "node_dist_m": 0.0,
    "entering_volume": 2500.68432,
    "n_incoming_links": 2.0,
    "nearest_street": null,
    "daily_bus_passes": 1215.0,
    "n_distinct_lines": 77,
    "Rail-affected intersection (network)": 1,
    "lrt-station affected intersection (network)": 0,
    "metro line station - affected intersection (network)": 1,
    "Terminals (network)": 0,
    "score_nataz": 0,
    "score_metro": 4000,
    "score_brt": 0,
    "score_terminal": 0,
    "score_rail": 8000,
    "score_lrt": 0,
    "score_bus_passes": 1215.0,
    "Bus Lane Directions (capped at 2)": 0.0,
    "score_directions": 0.0,
    "score_road": 1800.0,
    "score_entering_volume": 100.0273728,
    "TOTAL_SCORE": 15115.0273728,
    "Vx_neighbors_included": "FID=2513 (r=150m, score=16486); FID=2514 (r=198m, score=15136)",
    "brt_line": "כחול",
    "junction_name": "יהושע חנקין",
    "streets": "הרצל / חנקין",
    "city_clean": "ראשון לציון",
    "status_clean": "בתכנון",
    "n_junctions_within_200m": 0,
    "junctions_within_200m_fids": "",
    "nearest_brt_junction_fid": 2513,
    "nearest_brt_junction_dist_m": 149.2
   },
   "geometry": {
    "type": "Point",
    "coordinates": [
     181849.4156,
     645795.2636
    ]
   }
  },
  {
   "type": "Feature",
   "properties": {
    "fid": 2523,
    "DISTRICODE": null,
    "DISTRICT": null,
    "X": 181710.2745,
    "Y": 646155.4897,
    "DOMAIN": null,
    "JUNCTION": null,
    "STREETROAD": null,
    "CITY": null,
    "CITYCODE": null,
    "TRAFAUTH": null,
    "AUTHCODE": null,
    "AYALON Code": 12027.0,
    "ID": 788.0,
    "רשות מקומית": "רחובות",
    "רשות תמרור": "רחובות",
    "Mantam": 0,
    "Status": "בתכנון",
    "name": "הרצל - גוטהילף",
    "main street": "הרצל",
    "stree_1": "רכבת",
    "stree_2": "שרה ושמואל גוטהילף",
    "street_3": null,
    "street_4": null,
    "nataz": "לא",
    "fast2city": "לא",
    "blue_line": "כן",
    "red_line": "לא",
    "green_line": "לא",
    "purple_line": "לא",
    "brown_line": "לא",
    "DAN_BICYCLE": "לא",
    "no_project": "לא",
    "Metronit": "לא",
    "Auth Code": null,
    "Fast2City Code": "RH35",
    "DESCRIPTIO": "הרצל - גוטהילף",
    "Green_Wave_ID": null,
    "תאריך עדכון אחרון": "07/06/2020 00:00",
    "CLUSTER_ID": 740.0,
    "CLUSTER_SIZE": 1.0,
    "layer": "רמזורי נתיבי איילון- סופי",
    "path": "M:\\Tnua\\3119\\Documents\\TR\\מיפוי מרכז\\GIS\\MERGED\\רמזורי נתיבי איילון- סופי.gpkg|layername=רמזורי נתיבי איילון- סופי",
    "CLUSTER_ID_2": 3303,
    "CLUSTER_SIZE_2": 1,
    "Existing bus lane": 0,
    "Planned bus lane": 0,
    "Interurban bus lane": 0,
    "Additional bus lanes": 0,
    "Metro line": 1,
    "FUNC_min": 43.0,
    "Road Hierachy": "דרך אזורית",
    "Terminals": 1,
    "TUEDEP_sum": 1217.0,
    "Rail-affected intersection": 1,
    "lrt-station affected intersection": 0,
    "LRT- status": null,
    "LRT": 0,
    "metro line station - affected intersection": 1,
    "BRT - status": null,
    "BRT": "0",
    "No. of Bus Lane Directions": null,
    "NODE_ID": 160052.0,
    "node_dist_m": 149.79558218168486,
    "entering_volume": 662.79999,
    "n_incoming_links": 1.0,
    "nearest_street": null,
    "daily_bus_passes": 1217.0,
    "n_distinct_lines": 78,
    "Rail-affected intersection (network)": 1,
    "lrt-station affected intersection (network)": 0,
    "metro line station - affected intersection (network)": 1,
    "Terminals (network)": 0,
    "score_nataz": 0,
    "score_metro": 4000,
    "score_brt": 0,
    "score_terminal": 0,
    "score_rail": 8000,
    "score_lrt": 0,
    "score_bus_passes": 1217.0,
    "Bus Lane Directions (capped at 2)": 0.0,
    "score_directions": 0.0,
    "score_road": 1800.0,
    "score_entering_volume": 26.5119996,
    "TOTAL_SCORE": 15043.5119996,
    "Vx_neighbors_included": "",
    "brt_line": "כחול",
    "junction_name": "הרצל - גוטהילף",
    "streets": "הרצל / רכבת / שרה ושמואל גוטהילף",
    "city_clean": "ראשון לציון",
    "status_clean": "בתכנון",
    "n_junctions_within_200m": 0,
    "junctions_within_200m_fids": "",
    "nearest_brt_junction_fid": 2514,
    "nearest_brt_junction_dist_m": 182.0
   },
   "geometry": {
    "type": "Point",
    "coordinates": [
     181710.2745,
     646155.4897
    ]
   }
  },
  {
   "type": "Feature",
   "properties": {
    "fid": 2773,
    "DISTRICODE": 4.0,
    "DISTRICT": "מרכז,",
    "X": 181040.3496,
    "Y": 647588.4866,
    "DOMAIN": "עירוני,",
    "JUNCTION": ",",
    "STREETROAD": "הנפת הדגל (4303) / וייצמן (412-4303) / וייצמן (412),",
    "CITY": "נס ציונה,",
    "CITYCODE": 7200.0,
    "TRAFAUTH": ",",
    "AUTHCODE": null,
    "AYALON Code": 19001.0,
    "ID": 450.0,
    "רשות מקומית": ",נס ציונה",
    "רשות תמרור": ",נס ציונה",
    "Mantam": 0,
    "Status": ",קיים",
    "name": ",ויצמן - הנפת הדרך",
    "main street": ",ויצמן",
    "stree_1": ",דרך הנפת הדגל",
    "stree_2": ",",
    "street_3": ",",
    "street_4": ",",
    "nataz": ",לא",
    "fast2city": ",לא",
    "blue_line": ",כן",
    "red_line": ",לא",
    "green_line": ",לא",
    "purple_line": ",לא",
    "brown_line": ",לא",
    "DAN_BICYCLE": ",לא",
    "no_project": ",לא",
    "Metronit": ",לא",
    "Auth Code": ",",
    "Fast2City Code": ",LO35",
    "DESCRIPTIO": ",ויצמן - הנפת הדרך",
    "Green_Wave_ID": null,
    "תאריך עדכון אחרון": "07/06/2020 00:00",
    "CLUSTER_ID": 990.0,
    "CLUSTER_SIZE": 1.0,
    "layer": "צמתים מרומזרים — TRAFFIC_LIGHT_JNCTN.shp,רמזורי נתיבי איילון- סופי",
    "path": "/vsizip/M:/Tnua/3119/Documents/TR/מיפוי מרכז/GIS/BACKGROUND/צמתים מרומזרים.zip,M:\\Tnua\\3119\\Documents\\TR\\מיפוי מרכז\\GIS\\MERGED\\רמזורי נתיבי איילון- סופי.gpkg|layername=רמזורי נתיבי איילון- סופי",
    "CLUSTER_ID_2": 1750,
    "CLUSTER_SIZE_2": 2,
    "Existing bus lane": 0,
    "Planned bus lane": 0,
    "Interurban bus lane": 0,
    "Additional bus lanes": 0,
    "Metro line": 1,
    "FUNC_min": 43.0,
    "Road Hierachy": "דרך אזורית",
    "Terminals": 0,
    "TUEDEP_sum": 1102.0,
    "Rail-affected intersection": 0,
    "lrt-station affected intersection": 0,
    "LRT- status": null,
    "LRT": 0,
    "metro line station - affected intersection": 0,
    "BRT - status": null,
    "BRT": "0",
    "No. of Bus Lane Directions": null,
    "NODE_ID": 160007.0,
    "node_dist_m": 0.0,
    "entering_volume": 0.0,
    "n_incoming_links": 1.0,
    "nearest_street": "דרך הנפת הדגל",
    "daily_bus_passes": 1102.0,
    "n_distinct_lines": 61,
    "Rail-affected intersection (network)": 0,
    "lrt-station affected intersection (network)": 0,
    "metro line station - affected intersection (network)": 0,
    "Terminals (network)": 0,
    "score_nataz": 0,
    "score_metro": 0,
    "score_brt": 0,
    "score_terminal": 0,
    "score_rail": 0,
    "score_lrt": 0,
    "score_bus_passes": 1102.0,
    "Bus Lane Directions (capped at 2)": 0.0,
    "score_directions": 0.0,
    "score_road": 1800.0,
    "score_entering_volume": 0.0,
    "TOTAL_SCORE": 2902.0,
    "Vx_neighbors_included": "",
    "brt_line": "כחול",
    "junction_name": "ויצמן - הנפת הדרך",
    "streets": "ויצמן / דרך הנפת הדגל",
    "city_clean": "נס ציונה",
    "status_clean": "קיים",
    "n_junctions_within_200m": 0,
    "junctions_within_200m_fids": "",
    "nearest_brt_junction_fid": 2774,
    "nearest_brt_junction_dist_m": 214.3
   },
   "geometry": {
    "type": "Point",
    "coordinates": [
     181040.3496,
     647588.4866
    ]
   }
  },
  {
   "type": "Feature",
   "properties": {
    "fid": 2774,
    "DISTRICODE": 4.0,
    "DISTRICT": "מרכז,",
    "X": 181013.8159,
    "Y": 647801.1605,
    "DOMAIN": "עירוני,",
    "JUNCTION": ",",
    "STREETROAD": "החרש / וייצמן (412-4303),",
    "CITY": "נס ציונה,",
    "CITYCODE": 7200.0,
    "TRAFAUTH": ",",
    "AUTHCODE": null,
    "AYALON Code": 19002.0,
    "ID": 451.0,
    "רשות מקומית": ",נס ציונה",
    "רשות תמרור": ",נס ציונה",
    "Mantam": 0,
    "Status": ",קיים",
    "name": ",ויצמן - החרש",
    "main street": ",ויצמן",
    "stree_1": ",החרש",
    "stree_2": ",",
    "street_3": ",",
    "street_4": ",",
    "nataz": ",לא",
    "fast2city": ",לא",
    "blue_line": ",כן",
    "red_line": ",לא",
    "green_line": ",לא",
    "purple_line": ",לא",
    "brown_line": ",לא",
    "DAN_BICYCLE": ",לא",
    "no_project": ",לא",
    "Metronit": ",לא",
    "Auth Code": ",",
    "Fast2City Code": ",",
    "DESCRIPTIO": ",ויצמן - החרש",
    "Green_Wave_ID": null,
    "תאריך עדכון אחרון": "07/06/2020 00:00",
    "CLUSTER_ID": 991.0,
    "CLUSTER_SIZE": 1.0,
    "layer": "צמתים מרומזרים — TRAFFIC_LIGHT_JNCTN.shp,רמזורי נתיבי איילון- סופי",
    "path": "/vsizip/M:/Tnua/3119/Documents/TR/מיפוי מרכז/GIS/BACKGROUND/צמתים מרומזרים.zip,M:\\Tnua\\3119\\Documents\\TR\\מיפוי מרכז\\GIS\\MERGED\\רמזורי נתיבי איילון- סופי.gpkg|layername=רמזורי נתיבי איילון- סופי",
    "CLUSTER_ID_2": 1751,
    "CLUSTER_SIZE_2": 2,
    "Existing bus lane": 0,
    "Planned bus lane": 0,
    "Interurban bus lane": 0,
    "Additional bus lanes": 0,
    "Metro line": 1,
    "FUNC_min": 43.0,
    "Road Hierachy": "דרך אזורית",
    "Terminals": 0,
    "TUEDEP_sum": 1056.0,
    "Rail-affected intersection": 0,
    "lrt-station affected intersection": 0,
    "LRT- status": null,
    "LRT": 0,
    "metro line station - affected intersection": 0,
    "BRT - status": null,
    "BRT": "0",
    "No. of Bus Lane Directions": null,
    "NODE_ID": 160020.0,
    "node_dist_m": 0.0,
    "entering_volume": 1801.14641,
    "n_incoming_links": 3.0,
    "nearest_street": null,
    "daily_bus_passes": 1056.0,
    "n_distinct_lines": 60,
    "Rail-affected intersection (network)": 0,
    "lrt-station affected intersection (network)": 0,
    "metro line station - affected intersection (network)": 0,
    "Terminals (network)": 0,
    "score_nataz": 0,
    "score_metro": 0,
    "score_brt": 0,
    "score_terminal": 0,
    "score_rail": 0,
    "score_lrt": 0,
    "score_bus_passes": 1056.0,
    "Bus Lane Directions (capped at 2)": 0.0,
    "score_directions": 0.0,
    "score_road": 1800.0,
    "score_entering_volume": 72.0458564,
    "TOTAL_SCORE": 2928.0458564,
    "Vx_neighbors_included": "FID=2775 (r=196m, score=3143)",
    "brt_line": "כחול",
    "junction_name": "ויצמן - החרש",
    "streets": "ויצמן / החרש",
    "city_clean": "נס ציונה",
    "status_clean": "קיים",
    "n_junctions_within_200m": 0,
    "junctions_within_200m_fids": "",
    "nearest_brt_junction_fid": 2775,
    "nearest_brt_junction_dist_m": 195.0
   },
   "geometry": {
    "type": "Point",
    "coordinates": [
     181013.8159,
     647801.1605
    ]
   }
  },
  {
   "type": "Feature",
   "properties": {
    "fid": 2775,
    "DISTRICODE": 4.0,
    "DISTRICT": "מרכז,",
    "X": 181004.6176,
    "Y": 647995.9162,
    "DOMAIN": "עירוני,",
    "JUNCTION": ",",
    "STREETROAD": "בן גוריון / וייצמן (412-4303) / וייצמן (412) / יצחק רבין (4303),",
    "CITY": "נס ציונה,",
    "CITYCODE": 7200.0,
    "TRAFAUTH": ",",
    "AUTHCODE": null,
    "AYALON Code": 19003.0,
    "ID": 452.0,
    "רשות מקומית": ",נס ציונה",
    "רשות תמרור": ",נס ציונה",
    "Mantam": 0,
    "Status": ",קיים",
    "name": ",ויצמן - בן גוריון",
    "main street": ",ויצמן",
    "stree_1": ",בן גוריון",
    "stree_2": ",דרך יצחק רבין",
    "street_3": ",",
    "street_4": ",",
    "nataz": ",לא",
    "fast2city": ",לא",
    "blue_line": ",כן",
    "red_line": ",לא",
    "green_line": ",לא",
    "purple_line": ",לא",
    "brown_line": ",לא",
    "DAN_BICYCLE": ",לא",
    "no_project": ",לא",
    "Metronit": ",לא",
    "Auth Code": ",",
    "Fast2City Code": ",",
    "DESCRIPTIO": ",ויצמן - בן גוריון",
    "Green_Wave_ID": null,
    "תאריך עדכון אחרון": "07/06/2020 00:00",
    "CLUSTER_ID": 992.0,
    "CLUSTER_SIZE": 1.0,
    "layer": "צמתים מרומזרים — TRAFFIC_LIGHT_JNCTN.shp,רמזורי נתיבי איילון- סופי",
    "path": "/vsizip/M:/Tnua/3119/Documents/TR/מיפוי מרכז/GIS/BACKGROUND/צמתים מרומזרים.zip,M:\\Tnua\\3119\\Documents\\TR\\מיפוי מרכז\\GIS\\MERGED\\רמזורי נתיבי איילון- סופי.gpkg|layername=רמזורי נתיבי איילון- סופי",
    "CLUSTER_ID_2": 1752,
    "CLUSTER_SIZE_2": 2,
    "Existing bus lane": 0,
    "Planned bus lane": 0,
    "Interurban bus lane": 0,
    "Additional bus lanes": 0,
    "Metro line": 1,
    "FUNC_min": 43.0,
    "Road Hierachy": "דרך אזורית",
    "Terminals": 0,
    "TUEDEP_sum": 1239.0,
    "Rail-affected intersection": 0,
    "lrt-station affected intersection": 0,
    "LRT- status": null,
    "LRT": 0,
    "metro line station - affected intersection": 0,
    "BRT - status": null,
    "BRT": "0",
    "No. of Bus Lane Directions": null,
    "NODE_ID": 160010.0,
    "node_dist_m": 0.0,
    "entering_volume": 2611.2536203,
    "n_incoming_links": 4.0,
    "nearest_street": "בן גוריון",
    "daily_bus_passes": 1239.0,
    "n_distinct_lines": 68,
    "Rail-affected intersection (network)": 0,
    "lrt-station affected intersection (network)": 0,
    "metro line station - affected intersection (network)": 0,
    "Terminals (network)": 0,
    "score_nataz": 0,
    "score_metro": 0,
    "score_brt": 0,
    "score_terminal": 0,
    "score_rail": 0,
    "score_lrt": 0,
    "score_bus_passes": 1239.0,
    "Bus Lane Directions (capped at 2)": 0.0,
    "score_directions": 0.0,
    "score_road": 1800.0,
    "score_entering_volume": 104.450144812,
    "TOTAL_SCORE": 3143.450144812,
    "Vx_neighbors_included": "FID=2774 (r=196m, score=2928)",
    "brt_line": "כחול",
    "junction_name": "ויצמן - בן גוריון",
    "streets": "ויצמן / בן גוריון / דרך יצחק רבין",
    "city_clean": "נס ציונה",
    "status_clean": "קיים",
    "n_junctions_within_200m": 0,
    "junctions_within_200m_fids": "",
    "nearest_brt_junction_fid": 2774,
    "nearest_brt_junction_dist_m": 195.0
   },
   "geometry": {
    "type": "Point",
    "coordinates": [
     181004.6176,
     647995.9162
    ]
   }
  },
  {
   "type": "Feature",
   "properties": {
    "fid": 2776,
    "DISTRICODE": 4.0,
    "DISTRICT": "מרכז,",
    "X": 181081.8853,
    "Y": 648525.343,
    "DOMAIN": "עירוני,",
    "JUNCTION": ",",
    "STREETROAD": "הבנים / וייצמן (412) / עמק השושנים,",
    "CITY": "נס ציונה,",
    "CITYCODE": 7200.0,
    "TRAFAUTH": ",",
    "AUTHCODE": null,
    "AYALON Code": 19004.0,
    "ID": 453.0,
    "רשות מקומית": ",נס ציונה",
    "רשות תמרור": ",נס ציונה",
    "Mantam": 0,
    "Status": ",קיים",
    "name": ",ויצמן - עמק השושנים",
    "main street": ",ויצמן",
    "stree_1": ",עמק השושנים",
    "stree_2": ",הבנים",
    "street_3": ",",
    "street_4": ",",
    "nataz": ",לא",
    "fast2city": ",לא",
    "blue_line": ",כן",
    "red_line": ",לא",
    "green_line": ",לא",
    "purple_line": ",לא",
    "brown_line": ",לא",
    "DAN_BICYCLE": ",לא",
    "no_project": ",לא",
    "Metronit": ",לא",
    "Auth Code": ",",
    "Fast2City Code": ",",
    "DESCRIPTIO": ",ויצמן - עמק השושנים",
    "Green_Wave_ID": null,
    "תאריך עדכון אחרון": "07/06/2020 00:00",
    "CLUSTER_ID": 993.0,
    "CLUSTER_SIZE": 1.0,
    "layer": "צמתים מרומזרים — TRAFFIC_LIGHT_JNCTN.shp,רמזורי נתיבי איילון- סופי",
    "path": "/vsizip/M:/Tnua/3119/Documents/TR/מיפוי מרכז/GIS/BACKGROUND/צמתים מרומזרים.zip,M:\\Tnua\\3119\\Documents\\TR\\מיפוי מרכז\\GIS\\MERGED\\רמזורי נתיבי איילון- סופי.gpkg|layername=רמזורי נתיבי איילון- סופי",
    "CLUSTER_ID_2": 1753,
    "CLUSTER_SIZE_2": 2,
    "Existing bus lane": 0,
    "Planned bus lane": 0,
    "Interurban bus lane": 0,
    "Additional bus lanes": 0,
    "Metro line": 1,
    "FUNC_min": 43.0,
    "Road Hierachy": "דרך אזורית",
    "Terminals": 0,
    "TUEDEP_sum": 1176.0,
    "Rail-affected intersection": 0,
    "lrt-station affected intersection": 0,
    "LRT- status": null,
    "LRT": 0,
    "metro line station - affected intersection": 1,
    "BRT - status": null,
    "BRT": "0",
    "No. of Bus Lane Directions": null,
    "NODE_ID": 160060.0,
    "node_dist_m": 0.0,
    "entering_volume": 1632.33217,
    "n_incoming_links": 4.0,
    "nearest_street": null,
    "daily_bus_passes": 1176.0,
    "n_distinct_lines": 67,
    "Rail-affected intersection (network)": 0,
    "lrt-station affected intersection (network)": 0,
    "metro line station - affected intersection (network)": 1,
    "Terminals (network)": 0,
    "score_nataz": 0,
    "score_metro": 4000,
    "score_brt": 0,
    "score_terminal": 0,
    "score_rail": 0,
    "score_lrt": 0,
    "score_bus_passes": 1176.0,
    "Bus Lane Directions (capped at 2)": 0.0,
    "score_directions": 0.0,
    "score_road": 1800.0,
    "score_entering_volume": 65.2932868,
    "TOTAL_SCORE": 7041.2932868,
    "Vx_neighbors_included": "FID=2791 (r=93m, score=6918)",
    "brt_line": "כחול",
    "junction_name": "ויצמן - עמק השושנים",
    "streets": "ויצמן / עמק השושנים / הבנים",
    "city_clean": "נס ציונה",
    "status_clean": "קיים",
    "n_junctions_within_200m": 0,
    "junctions_within_200m_fids": "",
    "nearest_brt_junction_fid": 2791,
    "nearest_brt_junction_dist_m": 104.4
   },
   "geometry": {
    "type": "Point",
    "coordinates": [
     181081.8853,
     648525.343
    ]
   }
  },
  {
   "type": "Feature",
   "properties": {
    "fid": 2777,
    "DISTRICODE": 4.0,
    "DISTRICT": "מרכז,",
    "X": 181206.8061,
    "Y": 649358.0961,
    "DOMAIN": "עירוני,",
    "JUNCTION": ",",
    "STREETROAD": "המאה ואחד / וייצמן (412) / מרגולין (4315),",
    "CITY": "נס ציונה,",
    "CITYCODE": 7200.0,
    "TRAFAUTH": ",",
    "AUTHCODE": null,
    "AYALON Code": 19005.0,
    "ID": 454.0,
    "רשות מקומית": ",נס ציונה",
    "רשות תמרור": ",נס ציונה",
    "Mantam": 0,
    "Status": ",קיים",
    "name": ",ויצמן - מרגולין",
    "main street": ",ויצמן",
    "stree_1": ",מרגולין",
    "stree_2": ",המאה ואחד",
    "street_3": ",",
    "street_4": ",",
    "nataz": ",לא",
    "fast2city": ",לא",
    "blue_line": ",כן",
    "red_line": ",לא",
    "green_line": ",לא",
    "purple_line": ",לא",
    "brown_line": ",לא",
    "DAN_BICYCLE": ",לא",
    "no_project": ",לא",
    "Metronit": ",לא",
    "Auth Code": ",",
    "Fast2City Code": ",",
    "DESCRIPTIO": ",ויצמן - מרגולין",
    "Green_Wave_ID": null,
    "תאריך עדכון אחרון": "07/06/2020 00:00",
    "CLUSTER_ID": 994.0,
    "CLUSTER_SIZE": 1.0,
    "layer": "צמתים מרומזרים — TRAFFIC_LIGHT_JNCTN.shp,רמזורי נתיבי איילון- סופי",
    "path": "/vsizip/M:/Tnua/3119/Documents/TR/מיפוי מרכז/GIS/BACKGROUND/צמתים מרומזרים.zip,M:\\Tnua\\3119\\Documents\\TR\\מיפוי מרכז\\GIS\\MERGED\\רמזורי נתיבי איילון- סופי.gpkg|layername=רמזורי נתיבי איילון- סופי",
    "CLUSTER_ID_2": 1754,
    "CLUSTER_SIZE_2": 2,
    "Existing bus lane": 0,
    "Planned bus lane": 0,
    "Interurban bus lane": 0,
    "Additional bus lanes": 0,
    "Metro line": 1,
    "FUNC_min": 43.0,
    "Road Hierachy": "דרך אזורית",
    "Terminals": 0,
    "TUEDEP_sum": 966.0,
    "Rail-affected intersection": 0,
    "lrt-station affected intersection": 0,
    "LRT- status": null,
    "LRT": 0,
    "metro line station - affected intersection": 1,
    "BRT - status": null,
    "BRT": "0",
    "No. of Bus Lane Directions": null,
    "NODE_ID": 160130.0,
    "node_dist_m": 0.0,
    "entering_volume": 3714.124861,
    "n_incoming_links": 4.0,
    "nearest_street": "מרגולין",
    "daily_bus_passes": 966.0,
    "n_distinct_lines": 62,
    "Rail-affected intersection (network)": 0,
    "lrt-station affected intersection (network)": 0,
    "metro line station - affected intersection (network)": 1,
    "Terminals (network)": 0,
    "score_nataz": 0,
    "score_metro": 4000,
    "score_brt": 0,
    "score_terminal": 0,
    "score_rail": 0,
    "score_lrt": 0,
    "score_bus_passes": 966.0,
    "Bus Lane Directions (capped at 2)": 0.0,
    "score_directions": 0.0,
    "score_road": 1800.0,
    "score_entering_volume": 148.56499444,
    "TOTAL_SCORE": 6914.56499444,
    "Vx_neighbors_included": "",
    "brt_line": "כחול",
    "junction_name": "ויצמן - מרגולין",
    "streets": "ויצמן / מרגולין / המאה ואחד",
    "city_clean": "נס ציונה",
    "status_clean": "קיים",
    "n_junctions_within_200m": 0,
    "junctions_within_200m_fids": "",
    "nearest_brt_junction_fid": 2789,
    "nearest_brt_junction_dist_m": 423.1
   },
   "geometry": {
    "type": "Point",
    "coordinates": [
     181206.8061,
     649358.0961
    ]
   }
  },
  {
   "type": "Feature",
   "properties": {
    "fid": 2787,
    "DISTRICODE": 4.0,
    "DISTRICT": "מרכז,",
    "X": 181174.7976,
    "Y": 647274.056,
    "DOMAIN": "עירוני,",
    "JUNCTION": ",",
    "STREETROAD": "וייצמן (412),",
    "CITY": "נס ציונה,",
    "CITYCODE": 7200.0,
    "TRAFAUTH": ",",
    "AUTHCODE": null,
    "AYALON Code": 19015.0,
    "ID": 464.0,
    "רשות מקומית": ",נס ציונה",
    "רשות תמרור": ",נס ציונה",
    "Mantam": 0,
    "Status": ",קיים",
    "name": ",ויצמן - אריאל שרון",
    "main street": ",ויצמן",
    "stree_1": ",אריאל שרון",
    "stree_2": ",",
    "street_3": ",",
    "street_4": ",",
    "nataz": ",לא",
    "fast2city": ",לא",
    "blue_line": ",כן",
    "red_line": ",לא",
    "green_line": ",לא",
    "purple_line": ",לא",
    "brown_line": ",לא",
    "DAN_BICYCLE": ",לא",
    "no_project": ",לא",
    "Metronit": ",לא",
    "Auth Code": ",",
    "Fast2City Code": ",",
    "DESCRIPTIO": ",ויצמן - אריאל שרון",
    "Green_Wave_ID": null,
    "תאריך עדכון אחרון": "07/06/2021",
    "CLUSTER_ID": 1004.0,
    "CLUSTER_SIZE": 1.0,
    "layer": "צמתים מרומזרים — TRAFFIC_LIGHT_JNCTN.shp,רמזורי נתיבי איילון- סופי",
    "path": "/vsizip/M:/Tnua/3119/Documents/TR/מיפוי מרכז/GIS/BACKGROUND/צמתים מרומזרים.zip,M:\\Tnua\\3119\\Documents\\TR\\מיפוי מרכז\\GIS\\MERGED\\רמזורי נתיבי איילון- סופי.gpkg|layername=רמזורי נתיבי איילון- סופי",
    "CLUSTER_ID_2": 1749,
    "CLUSTER_SIZE_2": 2,
    "Existing bus lane": 0,
    "Planned bus lane": 0,
    "Interurban bus lane": 0,
    "Additional bus lanes": 0,
    "Metro line": 1,
    "FUNC_min": 43.0,
    "Road Hierachy": "דרך אזורית",
    "Terminals": 0,
    "TUEDEP_sum": 993.0,
    "Rail-affected intersection": 0,
    "lrt-station affected intersection": 0,
    "LRT- status": null,
    "LRT": 0,
    "metro line station - affected intersection": 1,
    "BRT - status": null,
    "BRT": "0",
    "No. of Bus Lane Directions": null,
    "NODE_ID": 160067.0,
    "node_dist_m": 0.0,
    "entering_volume": 2942.0768983000003,
    "n_incoming_links": 3.0,
    "nearest_street": null,
    "daily_bus_passes": 993.0,
    "n_distinct_lines": 59,
    "Rail-affected intersection (network)": 0,
    "lrt-station affected intersection (network)": 0,
    "metro line station - affected intersection (network)": 0,
    "Terminals (network)": 0,
    "score_nataz": 0,
    "score_metro": 0,
    "score_brt": 0,
    "score_terminal": 0,
    "score_rail": 0,
    "score_lrt": 0,
    "score_bus_passes": 993.0,
    "Bus Lane Directions (capped at 2)": 0.0,
    "score_directions": 0.0,
    "score_road": 1800.0,
    "score_entering_volume": 117.68307593200001,
    "TOTAL_SCORE": 2910.683075932,
    "Vx_neighbors_included": "",
    "brt_line": "כחול",
    "junction_name": "ויצמן - אריאל שרון",
    "streets": "ויצמן / אריאל שרון",
    "city_clean": "נס ציונה",
    "status_clean": "קיים",
    "n_junctions_within_200m": 0,
    "junctions_within_200m_fids": "",
    "nearest_brt_junction_fid": 2773,
    "nearest_brt_junction_dist_m": 342.0
   },
   "geometry": {
    "type": "Point",
    "coordinates": [
     181174.7976,
     647274.056
    ]
   }
  },
  {
   "type": "Feature",
   "properties": {
    "fid": 2789,
    "DISTRICODE": null,
    "DISTRICT": null,
    "X": 181166.0,
    "Y": 648937.0,
    "DOMAIN": null,
    "JUNCTION": null,
    "STREETROAD": null,
    "CITY": null,
    "CITYCODE": null,
    "TRAFAUTH": null,
    "AUTHCODE": null,
    "AYALON Code": 19017.0,
    "ID": 466.0,
    "רשות מקומית": "נס ציונה",
    "רשות תמרור": "נס ציונה",
    "Mantam": 0,
    "Status": "בתכנון",
    "name": "ויצמן - אירוסים",
    "main street": "ויצמן",
    "stree_1": null,
    "stree_2": null,
    "street_3": null,
    "street_4": null,
    "nataz": "לא",
    "fast2city": "לא",
    "blue_line": "כן",
    "red_line": "לא",
    "green_line": "לא",
    "purple_line": "לא",
    "brown_line": "לא",
    "DAN_BICYCLE": "לא",
    "no_project": "לא",
    "Metronit": "לא",
    "Auth Code": null,
    "Fast2City Code": null,
    "DESCRIPTIO": "ויצמן - אירוסים",
    "Green_Wave_ID": null,
    "תאריך עדכון אחרון": "29/06/2021",
    "CLUSTER_ID": 1006.0,
    "CLUSTER_SIZE": 1.0,
    "layer": "רמזורי נתיבי איילון- סופי",
    "path": "M:\\Tnua\\3119\\Documents\\TR\\מיפוי מרכז\\GIS\\MERGED\\רמזורי נתיבי איילון- סופי.gpkg|layername=רמזורי נתיבי איילון- סופי",
    "CLUSTER_ID_2": 3365,
    "CLUSTER_SIZE_2": 1,
    "Existing bus lane": 0,
    "Planned bus lane": 0,
    "Interurban bus lane": 0,
    "Additional bus lanes": 0,
    "Metro line": 1,
    "FUNC_min": 43.0,
    "Road Hierachy": "דרך אזורית",
    "Terminals": 0,
    "TUEDEP_sum": 928.0,
    "Rail-affected intersection": 0,
    "lrt-station affected intersection": 0,
    "LRT- status": null,
    "LRT": 0,
    "metro line station - affected intersection": 1,
    "BRT - status": null,
    "BRT": "0",
    "No. of Bus Lane Directions": null,
    "NODE_ID": 160125.0,
    "node_dist_m": 100.2126888562185,
    "entering_volume": 1574.20086,
    "n_incoming_links": 2.0,
    "nearest_street": "ויצמן",
    "daily_bus_passes": 928.0,
    "n_distinct_lines": 60,
    "Rail-affected intersection (network)": 0,
    "lrt-station affected intersection (network)": 0,
    "metro line station - affected intersection (network)": 0,
    "Terminals (network)": 0,
    "score_nataz": 0,
    "score_metro": 0,
    "score_brt": 0,
    "score_terminal": 0,
    "score_rail": 0,
    "score_lrt": 0,
    "score_bus_passes": 928.0,
    "Bus Lane Directions (capped at 2)": 0.0,
    "score_directions": 0.0,
    "score_road": 1800.0,
    "score_entering_volume": 62.9680344,
    "TOTAL_SCORE": 2790.9680344,
    "Vx_neighbors_included": "",
    "brt_line": "כחול",
    "junction_name": "ויצמן - אירוסים",
    "streets": "ויצמן",
    "city_clean": "ראשון לציון",
    "status_clean": "בתכנון",
    "n_junctions_within_200m": 0,
    "junctions_within_200m_fids": "",
    "nearest_brt_junction_fid": 2776,
    "nearest_brt_junction_dist_m": 420.2
   },
   "geometry": {
    "type": "Point",
    "coordinates": [
     181166.0,
     648937.0
    ]
   }
  },
  {
   "type": "Feature",
   "properties": {
    "fid": 2790,
    "DISTRICODE": 4.0,
    "DISTRICT": "מרכז,",
    "X": 181270.3089,
    "Y": 649878.2619,
    "DOMAIN": "עירוני,",
    "JUNCTION": ",",
    "STREETROAD": "הרצל (412) / נעמי שמר,",
    "CITY": "ראשון לציון,",
    "CITYCODE": 8300.0,
    "TRAFAUTH": ",",
    "AUTHCODE": null,
    "AYALON Code": 19018.0,
    "ID": 467.0,
    "רשות מקומית": ",נס ציונה",
    "רשות תמרור": ",נס ציונה",
    "Mantam": 0,
    "Status": ",קיים",
    "name": ",412 - צדק",
    "main street": ",412",
    "stree_1": ",צדק",
    "stree_2": ",",
    "street_3": ",",
    "street_4": ",",
    "nataz": ",לא",
    "fast2city": ",לא",
    "blue_line": ",כן",
    "red_line": ",לא",
    "green_line": ",לא",
    "purple_line": ",לא",
    "brown_line": ",לא",
    "DAN_BICYCLE": ",לא",
    "no_project": ",לא",
    "Metronit": ",לא",
    "Auth Code": ",",
    "Fast2City Code": ",",
    "DESCRIPTIO": ",412 - צדק",
    "Green_Wave_ID": null,
    "תאריך עדכון אחרון": "29/06/2021",
    "CLUSTER_ID": 1007.0,
    "CLUSTER_SIZE": 1.0,
    "layer": "צמתים מרומזרים — TRAFFIC_LIGHT_JNCTN.shp,רמזורי נתיבי איילון- סופי",
    "path": "/vsizip/M:/Tnua/3119/Documents/TR/מיפוי מרכז/GIS/BACKGROUND/צמתים מרומזרים.zip,M:\\Tnua\\3119\\Documents\\TR\\מיפוי מרכז\\GIS\\MERGED\\רמזורי נתיבי איילון- סופי.gpkg|layername=רמזורי נתיבי איילון- סופי",
    "CLUSTER_ID_2": 2299,
    "CLUSTER_SIZE_2": 2,
    "Existing bus lane": 0,
    "Planned bus lane": 0,
    "Interurban bus lane": 0,
    "Additional bus lanes": 0,
    "Metro line": 1,
    "FUNC_min": 43.0,
    "Road Hierachy": "דרך אזורית",
    "Terminals": 0,
    "TUEDEP_sum": 1001.0,
    "Rail-affected intersection": 0,
    "lrt-station affected intersection": 0,
    "LRT- status": null,
    "LRT": 0,
    "metro line station - affected intersection": 1,
    "BRT - status": null,
    "BRT": "0",
    "No. of Bus Lane Directions": null,
    "NODE_ID": 160124.0,
    "node_dist_m": 0.0,
    "entering_volume": 3840.8276,
    "n_incoming_links": 2.0,
    "nearest_street": null,
    "daily_bus_passes": 1001.0,
    "n_distinct_lines": 64,
    "Rail-affected intersection (network)": 0,
    "lrt-station affected intersection (network)": 0,
    "metro line station - affected intersection (network)": 1,
    "Terminals (network)": 0,
    "score_nataz": 0,
    "score_metro": 4000,
    "score_brt": 0,
    "score_terminal": 0,
    "score_rail": 0,
    "score_lrt": 0,
    "score_bus_passes": 1001.0,
    "Bus Lane Directions (capped at 2)": 0.0,
    "score_directions": 0.0,
    "score_road": 1800.0,
    "score_entering_volume": 153.633104,
    "TOTAL_SCORE": 6954.633104,
    "Vx_neighbors_included": "",
    "brt_line": "כחול",
    "junction_name": "412 - צדק",
    "streets": "412 / צדק",
    "city_clean": "ראשון לציון",
    "status_clean": "קיים",
    "n_junctions_within_200m": 0,
    "junctions_within_200m_fids": "",
    "nearest_brt_junction_fid": 2777,
    "nearest_brt_junction_dist_m": 524.0
   },
   "geometry": {
    "type": "Point",
    "coordinates": [
     181270.3089,
     649878.2619
    ]
   }
  },
  {
   "type": "Feature",
   "properties": {
    "fid": 2791,
    "DISTRICODE": null,
    "DISTRICT": null,
    "X": 181053.0,
    "Y": 648425.0,
    "DOMAIN": null,
    "JUNCTION": null,
    "STREETROAD": null,
    "CITY": null,
    "CITYCODE": null,
    "TRAFAUTH": null,
    "AUTHCODE": null,
    "AYALON Code": 19020.0,
    "ID": 1632.0,
    "רשות מקומית": "נס ציונה",
    "רשות תמרור": "נס ציונה",
    "Mantam": 0,
    "Status": "בתכנון",
    "name": "ויצמן - רוטשליד - ביאליק",
    "main street": "ויצמן",
    "stree_1": "רוטשילד",
    "stree_2": "ביאליק",
    "street_3": null,
    "street_4": null,
    "nataz": "לא",
    "fast2city": "לא",
    "blue_line": "כן",
    "red_line": "לא",
    "green_line": "לא",
    "purple_line": "לא",
    "brown_line": "לא",
    "DAN_BICYCLE": "לא",
    "no_project": "לא",
    "Metronit": "לא",
    "Auth Code": null,
    "Fast2City Code": null,
    "DESCRIPTIO": "ויצמן - רוטשליד - ביאליק",
    "Green_Wave_ID": null,
    "תאריך עדכון אחרון": "14/08/2024",
    "CLUSTER_ID": 1008.0,
    "CLUSTER_SIZE": 1.0,
    "layer": "רמזורי נתיבי איילון- סופי",
    "path": "M:\\Tnua\\3119\\Documents\\TR\\מיפוי מרכז\\GIS\\MERGED\\רמזורי נתיבי איילון- סופי.gpkg|layername=רמזורי נתיבי איילון- סופי",
    "CLUSTER_ID_2": 3366,
    "CLUSTER_SIZE_2": 1,
    "Existing bus lane": 0,
    "Planned bus lane": 0,
    "Interurban bus lane": 0,
    "Additional bus lanes": 0,
    "Metro line": 1,
    "FUNC_min": 43.0,
    "Road Hierachy": "דרך אזורית",
    "Terminals": 0,
    "TUEDEP_sum": 1110.0,
    "Rail-affected intersection": 0,
    "lrt-station affected intersection": 0,
    "LRT- status": null,
    "LRT": 0,
    "metro line station - affected intersection": 1,
    "BRT - status": null,
    "BRT": "0",
    "No. of Bus Lane Directions": null,
    "NODE_ID": 160107.0,
    "node_dist_m": 148.59017230856972,
    "entering_volume": 188.500001,
    "n_incoming_links": 3.0,
    "nearest_street": "נורדאו",
    "daily_bus_passes": 1110.0,
    "n_distinct_lines": 64,
    "Rail-affected intersection (network)": 0,
    "lrt-station affected intersection (network)": 0,
    "metro line station - affected intersection (network)": 1,
    "Terminals (network)": 0,
    "score_nataz": 0,
    "score_metro": 4000,
    "score_brt": 0,
    "score_terminal": 0,
    "score_rail": 0,
    "score_lrt": 0,
    "score_bus_passes": 1110.0,
    "Bus Lane Directions (capped at 2)": 0.0,
    "score_directions": 0.0,
    "score_road": 1800.0,
    "score_entering_volume": 7.54000004,
    "TOTAL_SCORE": 6917.54000004,
    "Vx_neighbors_included": "FID=2776 (r=93m, score=7041); FID=2792 (r=121m, score=6960); FID=2793 (r=191m, score=6910)",
    "brt_line": "כחול",
    "junction_name": "ויצמן - רוטשליד - ביאליק",
    "streets": "ויצמן / רוטשילד / ביאליק",
    "city_clean": "ראשון לציון",
    "status_clean": "בתכנון",
    "n_junctions_within_200m": 0,
    "junctions_within_200m_fids": "",
    "nearest_brt_junction_fid": 2776,
    "nearest_brt_junction_dist_m": 104.4
   },
   "geometry": {
    "type": "Point",
    "coordinates": [
     181053.0,
     648425.0
    ]
   }
  },
  {
   "type": "Feature",
   "properties": {
    "fid": 2792,
    "DISTRICODE": null,
    "DISTRICT": null,
    "X": 181027.0,
    "Y": 648308.0,
    "DOMAIN": null,
    "JUNCTION": null,
    "STREETROAD": null,
    "CITY": null,
    "CITYCODE": null,
    "TRAFAUTH": null,
    "AUTHCODE": null,
    "AYALON Code": 19021.0,
    "ID": 1633.0,
    "רשות מקומית": "נס ציונה",
    "רשות תמרור": "נס ציונה",
    "Mantam": 0,
    "Status": "בתכנון",
    "name": "ויצמן - נורדאו",
    "main street": "ויצמן",
    "stree_1": "נורדאו",
    "stree_2": null,
    "street_3": null,
    "street_4": null,
    "nataz": "לא",
    "fast2city": "לא",
    "blue_line": "כן",
    "red_line": "לא",
    "green_line": "לא",
    "purple_line": "לא",
    "brown_line": "לא",
    "DAN_BICYCLE": "לא",
    "no_project": "לא",
    "Metronit": "לא",
    "Auth Code": null,
    "Fast2City Code": null,
    "DESCRIPTIO": "ויצמן - נורדאו",
    "Green_Wave_ID": null,
    "תאריך עדכון אחרון": "14/08/2024",
    "CLUSTER_ID": 1009.0,
    "CLUSTER_SIZE": 1.0,
    "layer": "רמזורי נתיבי איילון- סופי",
    "path": "M:\\Tnua\\3119\\Documents\\TR\\מיפוי מרכז\\GIS\\MERGED\\רמזורי נתיבי איילון- סופי.gpkg|layername=רמזורי נתיבי איילון- סופי",
    "CLUSTER_ID_2": 3367,
    "CLUSTER_SIZE_2": 1,
    "Existing bus lane": 0,
    "Planned bus lane": 0,
    "Interurban bus lane": 0,
    "Additional bus lanes": 0,
    "Metro line": 1,
    "FUNC_min": 43.0,
    "Road Hierachy": "דרך אזורית",
    "Terminals": 0,
    "TUEDEP_sum": 1110.0,
    "Rail-affected intersection": 0,
    "lrt-station affected intersection": 0,
    "LRT- status": null,
    "LRT": 0,
    "metro line station - affected intersection": 1,
    "BRT - status": null,
    "BRT": "0",
    "No. of Bus Lane Directions": null,
    "NODE_ID": 160026.0,
    "node_dist_m": 0.0,
    "entering_volume": 1237.51504,
    "n_incoming_links": 3.0,
    "nearest_street": "ויצמן",
    "daily_bus_passes": 1110.0,
    "n_distinct_lines": 64,
    "Rail-affected intersection (network)": 0,
    "lrt-station affected intersection (network)": 0,
    "metro line station - affected intersection (network)": 1,
    "Terminals (network)": 0,
    "score_nataz": 0,
    "score_metro": 4000,
    "score_brt": 0,
    "score_terminal": 0,
    "score_rail": 0,
    "score_lrt": 0,
    "score_bus_passes": 1110.0,
    "Bus Lane Directions (capped at 2)": 0.0,
    "score_directions": 0.0,
    "score_road": 1800.0,
    "score_entering_volume": 49.5006016,
    "TOTAL_SCORE": 6959.5006016,
    "Vx_neighbors_included": "FID=2793 (r=70m, score=6910); FID=2791 (r=121m, score=6918)",
    "brt_line": "כחול",
    "junction_name": "ויצמן - נורדאו",
    "streets": "ויצמן / נורדאו",
    "city_clean": "ראשון לציון",
    "status_clean": "בתכנון",
    "n_junctions_within_200m": 0,
    "junctions_within_200m_fids": "",
    "nearest_brt_junction_fid": 2793,
    "nearest_brt_junction_dist_m": 64.5
   },
   "geometry": {
    "type": "Point",
    "coordinates": [
     181027.0,
     648308.0
    ]
   }
  },
  {
   "type": "Feature",
   "properties": {
    "fid": 2793,
    "DISTRICODE": null,
    "DISTRICT": null,
    "X": 181013.0,
    "Y": 648245.0,
    "DOMAIN": null,
    "JUNCTION": null,
    "STREETROAD": null,
    "CITY": null,
    "CITYCODE": null,
    "TRAFAUTH": null,
    "AUTHCODE": null,
    "AYALON Code": 19022.0,
    "ID": 1634.0,
    "רשות מקומית": "נס ציונה",
    "רשות תמרור": "נס ציונה",
    "Mantam": 0,
    "Status": "בתכנון",
    "name": "ויצמן - השקמה",
    "main street": "ויצמן",
    "stree_1": "השקמה",
    "stree_2": null,
    "street_3": null,
    "street_4": null,
    "nataz": "לא",
    "fast2city": "לא",
    "blue_line": "כן",
    "red_line": "לא",
    "green_line": "לא",
    "purple_line": "לא",
    "brown_line": "לא",
    "DAN_BICYCLE": "לא",
    "no_project": "לא",
    "Metronit": "לא",
    "Auth Code": null,
    "Fast2City Code": null,
    "DESCRIPTIO": "ויצמן - השקמה",
    "Green_Wave_ID": null,
    "תאריך עדכון אחרון": "14/08/2024",
    "CLUSTER_ID": 1010.0,
    "CLUSTER_SIZE": 1.0,
    "layer": "רמזורי נתיבי איילון- סופי",
    "path": "M:\\Tnua\\3119\\Documents\\TR\\מיפוי מרכז\\GIS\\MERGED\\רמזורי נתיבי איילון- סופי.gpkg|layername=רמזורי נתיבי איילון- סופי",
    "CLUSTER_ID_2": 3368,
    "CLUSTER_SIZE_2": 1,
    "Existing bus lane": 0,
    "Planned bus lane": 0,
    "Interurban bus lane": 0,
    "Additional bus lanes": 0,
    "Metro line": 1,
    "FUNC_min": 43.0,
    "Road Hierachy": "דרך אזורית",
    "Terminals": 0,
    "TUEDEP_sum": 1110.0,
    "Rail-affected intersection": 0,
    "lrt-station affected intersection": 0,
    "LRT- status": null,
    "LRT": 0,
    "metro line station - affected intersection": 1,
    "BRT - status": null,
    "BRT": "0",
    "No. of Bus Lane Directions": null,
    "NODE_ID": null,
    "node_dist_m": null,
    "entering_volume": null,
    "n_incoming_links": null,
    "nearest_street": null,
    "daily_bus_passes": 1110.0,
    "n_distinct_lines": 64,
    "Rail-affected intersection (network)": 0,
    "lrt-station affected intersection (network)": 0,
    "metro line station - affected intersection (network)": 1,
    "Terminals (network)": 0,
    "score_nataz": 0,
    "score_metro": 4000,
    "score_brt": 0,
    "score_terminal": 0,
    "score_rail": 0,
    "score_lrt": 0,
    "score_bus_passes": 1110.0,
    "Bus Lane Directions (capped at 2)": 0.0,
    "score_directions": 0.0,
    "score_road": 1800.0,
    "score_entering_volume": 0.0,
    "TOTAL_SCORE": 6910.0,
    "Vx_neighbors_included": "FID=2792 (r=70m, score=6960); FID=2791 (r=191m, score=6918)",
    "brt_line": "כחול",
    "junction_name": "ויצמן - השקמה",
    "streets": "ויצמן / השקמה",
    "city_clean": "ראשון לציון",
    "status_clean": "בתכנון",
    "n_junctions_within_200m": 0,
    "junctions_within_200m_fids": "",
    "nearest_brt_junction_fid": 2792,
    "nearest_brt_junction_dist_m": 64.5
   },
   "geometry": {
    "type": "Point",
    "coordinates": [
     181013.0,
     648245.0
    ]
   }
  }
 ]
}